,id,ident,type,name,latitude_deg,longitude_deg,elevation_ft,continent,country_name,iso_country,region_name,iso_region,local_region,municipality,scheduled_service,gps_code,iata_code,local_code,home_link,wikipedia_link,keywords,score,last_updated
1,3632,KLAX,large_airport,Los Angeles International Airport,33.942501,-118.407997,125,,United States,US,California,US-CA,CA,Los Angeles,1,KLAX,LAX,LAX,https://www.flylax.com/,https://en.wikipedia.org/wiki/Los_Angeles_International_Airport,Tom Bradley,1335475,2023-12-21T12:31:02+00:00
2,3754,KORD,large_airport,Chicago O'Hare International Airport,41.9786,-87.9048,680,,United States,US,Illinois,US-IL,IL,Chicago,1,KORD,ORD,ORD,https://www.flychicago.com/ohare/home/pages/default.aspx,https://en.wikipedia.org/wiki/O'Hare_International_Airport,"CHI, Orchard Place",1503175,2024-03-09T23:28:49+00:00
3,3622,KJFK,large_airport,John F Kennedy International Airport,40.639447,-73.779317,13,,United States,US,New York,US-NY,NY,New York,1,KJFK,JFK,JFK,https://www.jfkairport.com/,https://en.wikipedia.org/wiki/John_F._Kennedy_International_Airport,"Manhattan, New York City, NYC, Idlewild, IDL, KIDL",1052075,2022-10-18T18:49:55+00:00
4,3384,KATL,large_airport,Hartsfield Jackson Atlanta International Airport,33.6367,-84.428101,1026,,United States,US,Georgia,US-GA,GA,Atlanta,1,KATL,ATL,ATL,http://www.atlanta-airport.com/,https://en.wikipedia.org/wiki/Hartsfield–Jackson_Atlanta_International_Airport,,2002475,2018-09-19T14:50:01+00:00
5,3878,KSFO,large_airport,San Francisco International Airport,37.61899948120117,-122.375,13,,United States,US,California,US-CA,CA,San Francisco,1,KSFO,SFO,SFO,http://www.flysfo.com/,https://en.wikipedia.org/wiki/San_Francisco_International_Airport,"QSF, QBA",1112475,2008-06-13T14:30:04+00:00
6,3521,KEWR,large_airport,Newark Liberty International Airport,40.692501,-74.168701,18,,United States,US,New Jersey,US-NJ,NJ,Newark,1,KEWR,EWR,EWR,http://www.panynj.gov/CommutingTravel/airports/html/newarkliberty.html,https://en.wikipedia.org/wiki/Newark_Liberty_International_Airport,"Manhattan, New York City, NYC",1064475,2022-09-17T20:28:21+00:00
7,3488,KDFW,large_airport,Dallas Fort Worth International Airport,32.896801,-97.038002,607,,United States,US,Texas,US-TX,TX,Dallas-Fort Worth,1,KDFW,DFW,DFW,https://www.dfwairport.com/,https://en.wikipedia.org/wiki/Dallas/Fort_Worth_International_Airport,QDF,1203175,2018-09-19T14:53:02+00:00
8,3631,KLAS,large_airport,Harry Reid International Airport,36.083361,-115.151817,2181,,United States,US,Nevada,US-NV,NV,Las Vegas,1,KLAS,LAS,LAS,https://www.harryreidairport.com/,https://en.wikipedia.org/wiki/Harry_Reid_International_Airport,McCarran International Airport,1068475,2022-10-18T19:05:10+00:00
9,3670,KMCO,large_airport,Orlando International Airport,28.429399490356445,-81.30899810791016,96,,United States,US,Florida,US-FL,FL,Orlando,1,KMCO,MCO,MCO,http://www.orlandoairports.net/,https://en.wikipedia.org/wiki/Orlando_International_Airport,"Disney World,Epcot Center",1044075,2008-06-13T14:30:04+00:00
10,3486,KDEN,large_airport,Denver International Airport,39.861698150635,-104.672996521,5431,,United States,US,Colorado,US-CO,CO,Denver,1,KDEN,DEN,DEN,http://www.flydenver.com/,https://en.wikipedia.org/wiki/Denver_International_Airport,"DVX, KVDX",1103275,2015-11-13T09:28:42+00:00
11,3643,KLGA,large_airport,La Guardia Airport,40.777199,-73.872597,21,,United States,US,New York,US-NY,NY,New York,1,KLGA,LGA,LGA,https://www.laguardiaairport.com/,https://en.wikipedia.org/wiki/LaGuardia_Airport,"Manhattan, New York City, NYC, Glenn H. Curtiss Airport, North Beach Airport, La Guardia",1030575,2021-05-11T07:00:19+00:00
12,3602,KIAD,large_airport,Washington Dulles International Airport,38.9445,-77.455803,312,,United States,US,Virginia,US-VA,VA,Dulles,1,KIAD,IAD,IAD,http://www.mwaa.com/dulles/,https://en.wikipedia.org/wiki/Washington_Dulles_International_Airport,WAS,1023875,2022-11-02T15:47:54+00:00
13,3685,KMIA,large_airport,Miami International Airport,25.79319953918457,-80.29060363769531,8,,United States,US,Florida,US-FL,FL,Miami,1,KMIA,MIA,MIA,http://www.miami-airport.com/,https://en.wikipedia.org/wiki/Miami_International_Airport,"MFW, South Florida",1073075,2008-06-13T14:30:04+00:00
14,3772,KPHX,large_airport,Phoenix Sky Harbor International Airport,33.435302,-112.005905,1135,,United States,US,Arizona,US-AZ,AZ,Phoenix,1,KPHX,PHX,PHX,http://phoenix.gov/skyharborairport/,https://en.wikipedia.org/wiki/Phoenix_Sky_Harbor_International_Airport,,1060875,2021-07-22T18:14:49+00:00
15,3875,KSEA,large_airport,Seattle–Tacoma International Airport,47.449162,-122.311134,433,,United States,US,Washington,US-WA,WA,Seattle,1,KSEA,SEA,SEA,,https://en.wikipedia.org/wiki/Seattle%E2%80%93Tacoma_International_Airport,,1000,2022-09-02T15:15:24+00:00
16,3422,KBOS,large_airport,Logan International Airport,42.3643,-71.005203,20,,United States,US,Massachusetts,US-MA,MA,Boston,1,KBOS,BOS,BOS,http://www.massport.com/logan/,https://en.wikipedia.org/wiki/Logan_International_Airport,General Edward Lawrence Logan International Airport,1035875,2021-04-09T01:43:35+00:00
17,3771,KPHL,large_airport,Philadelphia International Airport,39.87189865112305,-75.24109649658203,36,,United States,US,Pennsylvania,US-PA,PA,Philadelphia,1,KPHL,PHL,PHL,http://www.phl.org/,https://en.wikipedia.org/wiki/Philadelphia_International_Airport,,1031075,2008-06-13T14:30:04+00:00
18,3457,KCLT,large_airport,Charlotte Douglas International Airport,35.2140007019043,-80.94309997558594,748,,United States,US,North Carolina,US-NC,NC,Charlotte,1,KCLT,CLT,CLT,http://www.charlotteairport.com/,https://en.wikipedia.org/wiki/Charlotte/Douglas_International_Airport,,1028075,2009-01-30T14:52:52+00:00
19,3604,KIAH,large_airport,George Bush Intercontinental Houston Airport,29.984399795532227,-95.34140014648438,97,,United States,US,Texas,US-TX,TX,Houston,1,KIAH,IAH,IAH,http://www.fly2houston.com/iah,https://en.wikipedia.org/wiki/George_Bush_Intercontinental_Airport,QHO,1055675,2008-06-13T14:30:04+00:00
20,3483,KDCA,large_airport,Ronald Reagan Washington National Airport,38.8521,-77.037697,15,,United States,US,District of Columbia,US-DC,DC,Washington,1,KDCA,DCA,DCA,http://www.flyreagan.com/dca/reagan-national-airport,https://en.wikipedia.org/wiki/Ronald_Reagan_Washington_National_Airport,WAS,1016175,2016-12-13T09:13:00+00:00
21,3497,KDTW,large_airport,Detroit Metropolitan Wayne County Airport,42.212398529052734,-83.35340118408203,645,,United States,US,Michigan,US-MI,MI,Detroit,1,KDTW,DTW,DTW,http://www.metroairport.com/,https://en.wikipedia.org/wiki/Detroit_Metropolitan_Wayne_County_Airport,"DTT, Detroit Metro Airport",1079375,2008-06-13T14:30:04+00:00
22,3709,KMSP,large_airport,Minneapolis–Saint Paul International Airport / Wold–Chamberlain Field,44.882,-93.221802,841,,United States,US,Minnesota,US-MN,MN,Minneapolis,1,KMSP,MSP,MSP,http://www.mspairport.com/,https://en.wikipedia.org/wiki/Minneapolis–Saint_Paul_International_Airport,,1085275,2021-03-12T10:39:13+00:00
23,3531,KFLL,large_airport,Fort Lauderdale Hollywood International Airport,26.072599,-80.152702,9,,United States,US,Florida,US-FL,FL,Fort Lauderdale,1,KFLL,FLL,FLL,http://www.broward.org/airport,https://en.wikipedia.org/wiki/Fort_Lauderdale–Hollywood_International_Airport,"MFW, South Florida",1015275,2018-09-16T02:40:06+00:00
24,3887,KSLC,large_airport,Salt Lake City International Airport,40.785749,-111.979746,4227,,United States,US,Utah,US-UT,UT,Salt Lake City,1,KSLC,SLC,SLC,,https://en.wikipedia.org/wiki/Salt_Lake_City_International_Airport,,1025075,2021-03-12T13:26:58+00:00
25,3673,KMDW,large_airport,Chicago Midway International Airport,41.785999,-87.752403,620,,United States,US,Illinois,US-IL,IL,Chicago,1,KMDW,MDW,MDW,https://www.flychicago.com/midway/home/pages/default.aspx,https://en.wikipedia.org/wiki/Midway_International_Airport,CHI,1015475,2022-10-23T16:27:10+00:00
26,3435,KBWI,large_airport,Baltimore/Washington International Thurgood Marshall Airport,39.1754,-76.668297,146,,United States,US,Maryland,US-MD,MD,Baltimore,1,KBWI,BWI,BWI,https://www.bwiairport.com/,https://en.wikipedia.org/wiki/Baltimore%E2%80%93Washington_International_Airport,WAS,1021075,2018-09-16T02:37:47+00:00
27,3862,KSAN,large_airport,San Diego International Airport,32.7336006165,-117.190002441,17,,United States,US,California,US-CA,CA,San Diego,1,KSAN,SAN,SAN,http://www.san.org/,https://en.wikipedia.org/wiki/San_Diego_International_Airport,Lindbergh Field,1017175,2014-12-10T01:00:52+00:00
28,3905,KSTL,large_airport,St Louis Lambert International Airport,38.748697,-90.370003,618,,United States,US,Missouri,US-MO,MO,St Louis,1,KSTL,STL,STL,https://www.flystl.com/,https://en.wikipedia.org/wiki/St._Louis_Lambert_International_Airport,Lambert St Louis,1047075,2018-09-21T03:04:43+00:00
29,5453,PHNL,large_airport,Daniel K Inouye International Airport,21.32062,-157.924228,13,OC,United States,US,Hawaii,US-HI,HI,Honolulu,1,PHNL,HNL,HNL,http://airports.hawaii.gov/hnl/,https://en.wikipedia.org/wiki/Daniel_K._Inouye_International_Airport,"Hickam Air Force Base, HIK, PHIK, KHNL, Honolulu International",1029375,2022-03-08T15:59:42+00:00
30,3768,KPDX,large_airport,Portland International Airport,45.58869934,-122.5979996,31,,United States,US,Oregon,US-OR,OR,Portland,1,KPDX,PDX,PDX,,https://en.wikipedia.org/wiki/Portland_International_Airport,,1015775,2010-01-23T11:28:03+00:00
31,3711,KMSY,large_airport,Louis Armstrong New Orleans International Airport,29.99340057373047,-90.25800323486328,4,,United States,US,Louisiana,US-LA,LA,New Orleans,1,KMSY,MSY,MSY,,https://en.wikipedia.org/wiki/Louis_Armstrong_New_Orleans_International_Airport,,1012575,2008-06-13T14:30:04+00:00
32,3926,KTPA,large_airport,Tampa International Airport,27.975500106811523,-82.533203125,26,,United States,US,Florida,US-FL,FL,Tampa,1,KTPA,TPA,TPA,,https://en.wikipedia.org/wiki/Tampa_International_Airport,,1017475,2008-06-13T14:30:04+00:00
33,3420,KBNA,large_airport,Nashville International Airport,36.1245002746582,-86.6781997680664,599,,United States,US,Tennessee,US-TN,TN,Nashville,1,KBNA,BNA,BNA,,https://en.wikipedia.org/wiki/Nashville_International_Airport,,52075,2008-06-13T14:30:04+00:00
34,3471,KCVG,large_airport,Cincinnati Northern Kentucky International Airport,39.048801,-84.667801,896,,United States,US,Kentucky,US-KY,KY,Cincinnati / Covington,1,KCVG,CVG,CVG,https://www.cvgairport.com/,https://en.wikipedia.org/wiki/Cincinnati/Northern_Kentucky_International_Airport,,1029475,2023-08-15T23:40:32+00:00
35,3386,KAUS,large_airport,Austin Bergstrom International Airport,30.197535,-97.662015,542,,United States,US,Texas,US-TX,TX,Austin,1,KAUS,AUS,AUS,http://www.ci.austin.tx.us/austinairport/,https://en.wikipedia.org/wiki/Austin-Bergstrom_International_Airport,"BSM, KBSM, Bergstrom AFB",51675,2024-03-14T12:07:49+00:00
36,3844,KRDU,large_airport,Raleigh Durham International Airport,35.877602,-78.787498,435,,United States,US,North Carolina,US-NC,NC,Raleigh/Durham,1,KRDU,RDU,RDU,https://www.rdu.com/,https://en.wikipedia.org/wiki/Raleigh-Durham_International_Airport,,1011675,2023-06-22T11:57:23+00:00
37,3778,KPIT,large_airport,Pittsburgh International Airport,40.49150085,-80.23290253,1203,,United States,US,Pennsylvania,US-PA,PA,Pittsburgh,1,KPIT,PIT,PIT,,https://en.wikipedia.org/wiki/Pittsburgh_International_Airport,,1021875,2010-01-23T11:28:03+00:00
38,3883,KSJC,large_airport,Norman Y. Mineta San Jose International Airport,37.362452,-121.929188,62,,United States,US,California,US-CA,CA,San Jose,1,KSJC,SJC,SJC,https://www.flysanjose.com/,https://en.wikipedia.org/wiki/San_Jose_International_Airport,,1000,2022-09-02T15:17:36+00:00
39,3668,KMCI,large_airport,Kansas City International Airport,39.2976,-94.713898,1026,,United States,US,Missouri,US-MO,MO,Kansas City,1,KMCI,MCI,MCI,http://www.flykci.com/,https://en.wikipedia.org/wiki/Kansas_City_International_Airport,,1015075,2016-05-31T09:33:29+00:00
40,3744,KOAK,large_airport,Metropolitan Oakland International Airport,37.721298,-122.221001,9,,United States,US,California,US-CA,CA,Oakland,1,KOAK,OAK,OAK,http://www.oaklandairport.com/,https://en.wikipedia.org/wiki/Oakland_International_Airport,"QSF, QBA",1012475,2017-05-27T22:59:41+00:00
41,3863,KSAT,large_airport,San Antonio International Airport,29.533701,-98.469803,809,,United States,US,Texas,US-TX,TX,San Antonio,1,KSAT,SAT,SAT,https://www.sanantonio.gov/aviation,https://en.wikipedia.org/wiki/San_Antonio_International_Airport,,1475,2022-09-25T21:25:37+00:00
42,3894,KSNA,large_airport,John Wayne Orange County International Airport,33.675701,-117.867996,56,,United States,US,California,US-CA,CA,Santa Ana,1,KSNA,SNA,SNA,http://www.ocair.com/,https://en.wikipedia.org/wiki/John_Wayne_Airport,"Disney, Disneyland, Orange County",1000,2023-05-11T14:55:36+00:00
43,3675,KMEM,large_airport,Memphis International Airport,35.04240036010742,-89.97669982910156,341,,United States,US,Tennessee,US-TN,TN,Memphis,1,KMEM,MEM,MEM,,https://en.wikipedia.org/wiki/Memphis_International_Airport,,1014475,2008-06-13T14:30:04+00:00
44,3588,KHOU,medium_airport,William P Hobby Airport,29.645399,-95.2789,46,,United States,US,Texas,US-TX,TX,Houston,1,KHOU,HOU,HOU,http://www.fly2houston.com/hobbyHome,https://en.wikipedia.org/wiki/William_P._Hobby_Airport,QHO,750,2021-11-21T14:56:51+00:00
45,3454,KCLE,large_airport,Cleveland Hopkins International Airport,41.411701,-81.8498,791,,United States,US,Ohio,US-OH,OH,Cleveland,1,KCLE,CLE,CLE,http://www.clevelandairport.com/,https://en.wikipedia.org/wiki/Cleveland_Hopkins_International_Airport,,1015875,2023-12-07T16:12:11+00:00
46,3610,KIND,large_airport,Indianapolis International Airport,39.7173,-86.294403,797,,United States,US,Indiana,US-IN,IN,Indianapolis,1,KIND,IND,IND,http://www.indianapolisairport.com/,https://en.wikipedia.org/wiki/Indianapolis_International_Airport,,52075,2016-07-08T18:41:42+00:00
47,3479,KDAL,medium_airport,Dallas Love Field,32.847099,-96.851799,487,,United States,US,Texas,US-TX,TX,Dallas,1,KDAL,DAL,DAL,http://www.dallas-lovefield.com/,https://en.wikipedia.org/wiki/Dallas_Love_Field,QDF,750,2021-11-21T14:57:51+00:00
48,16091,KABQ,medium_airport,Albuquerque International Sunport,35.040199,-106.609001,5355,,United States,US,New Mexico,US-NM,NM,Albuquerque,1,KABQ,ABQ,ABQ,http://www.abqsunport.com/,https://en.wikipedia.org/wiki/Albuquerque_International_Sunport,,500,2021-11-21T14:58:42+00:00
49,3458,KCMH,large_airport,John Glenn Columbus International Airport,39.998001,-82.891899,815,,United States,US,Ohio,US-OH,OH,Columbus,1,KCMH,CMH,CMH,https://flycolumbus.com/,https://en.wikipedia.org/wiki/Port_Columbus_International_Airport,,1675,2018-04-19T16:19:05+00:00
50,3690,KMKE,large_airport,General Mitchell International Airport,42.947200775146484,-87.89659881591797,723,,United States,US,Wisconsin,US-WI,WI,Milwaukee,1,KMKE,MKE,MKE,,https://en.wikipedia.org/wiki/General_Mitchell_International_Airport,,1575,2008-06-13T14:30:04+00:00
51,3932,KTUS,medium_airport,Tucson International Airport / Morris Air National Guard Base,32.115004,-110.938053,2643,,United States,US,Arizona,US-AZ,AZ,Tucson,1,KTUS,TUS,TUS,https://www.flytucson.com/,https://en.wikipedia.org/wiki/Tucson_International_Airport,"tucson, tucson international, morris angb",750,2021-11-21T14:59:59+00:00
52,3620,KJAX,large_airport,Jacksonville International Airport,30.49410057067871,-81.68789672851562,30,,United States,US,Florida,US-FL,FL,Jacksonville,1,KJAX,JAX,JAX,,https://en.wikipedia.org/wiki/Jacksonville_International_Airport,,1475,2008-06-13T14:30:04+00:00
53,3431,KBUF,large_airport,Buffalo Niagara International Airport,42.94049835,-78.73220062,728,,United States,US,New York,US-NY,NY,Buffalo,1,KBUF,BUF,BUF,,https://en.wikipedia.org/wiki/Buffalo_Niagara_International_Airport,,1475,2010-01-23T11:27:48+00:00
54,3396,KBDL,medium_airport,Bradley International Airport,41.93851,-72.688066,173,,United States,US,Connecticut,US-CT,CT,Hartford,1,KBDL,BDL,BDL,http://www.bradleyairport.com/,https://en.wikipedia.org/wiki/Bradley_International_Airport,"HFD, Hartford",750,2021-11-22T14:10:49+00:00
55,5388,PANC,large_airport,Ted Stevens Anchorage International Airport,61.1744,-149.996002,152,,United States,US,Alaska,US-AK,AK,Anchorage,1,PANC,ANC,ANC,,https://en.wikipedia.org/wiki/Ted_Stevens_Anchorage_International_Airport,,1475,2021-07-22T18:16:22+00:00
56,3747,KOKC,medium_airport,Will Rogers World Airport,35.393101,-97.6007,1295,,United States,US,Oklahoma,US-OK,OK,Oklahoma City,1,KOKC,OKC,OKC,,https://en.wikipedia.org/wiki/Will_Rogers_World_Airport,,750,2021-11-21T14:55:53+00:00
57,3892,KSMF,large_airport,Sacramento International Airport,38.69540023803711,-121.59100341796875,27,,United States,US,California,US-CA,CA,Sacramento,1,KSMF,SMF,SMF,,https://en.wikipedia.org/wiki/Sacramento_International_Airport,,51475,2008-06-13T14:30:04+00:00
58,5455,PHOG,medium_airport,Kahului International Airport,20.898543,-156.431212,54,OC,United States,US,Hawaii,US-HI,HI,Kahului,1,PHOG,OGG,OGG,,https://en.wikipedia.org/wiki/Kahului_Airport,,750,2024-03-21T22:47:35+00:00
59,3766,KPBI,large_airport,Palm Beach International Airport,26.68320083618164,-80.09559631347656,19,,United States,US,Florida,US-FL,FL,West Palm Beach,1,KPBI,PBI,PBI,,https://en.wikipedia.org/wiki/Palm_Beach_International_Airport,"MFW, South Florida",1275,2008-06-13T14:30:04+00:00
60,3751,KOMA,large_airport,Eppley Airfield,41.3032,-95.894096,984,,United States,US,Nebraska,US-NE,NE,Omaha,1,KOMA,OMA,OMA,,https://en.wikipedia.org/wiki/Eppley_Airfield,,1000,2023-04-30T11:13:46+00:00
61,3795,KPVD,large_airport,Theodore Francis Green State Airport,41.725038,-71.425668,55,,United States,US,Rhode Island,US-RI,RI,Warwick,1,KPVD,PVD,PVD,https://flyri.com/,https://en.wikipedia.org/wiki/T._F._Green_Airport,,1050,2023-06-22T11:58:53+00:00
62,3432,KBUR,medium_airport,Bob Hope Airport,34.197703,-118.356378,778,,United States,US,California,US-CA,CA,Burbank,1,KBUR,BUR,BUR,,,,750,2021-03-26T10:42:14+00:00
63,3873,KSDF,large_airport,Louisville Muhammad Ali International Airport,38.1744,-85.736,501,,United States,US,Kentucky,US-KY,KY,Louisville,1,KSDF,SDF,SDF,http://www.flylouisville.com,https://en.wikipedia.org/wiki/Louisville_International_Airport,"Louisville International, Standiford Field",1875,2019-12-14T21:35:15+00:00
64,3853,KRNO,large_airport,Reno Tahoe International Airport,39.49909973144531,-119.76799774169922,4415,,United States,US,Nevada,US-NV,NV,Reno,1,KRNO,RNO,RNO,,https://en.wikipedia.org/wiki/Reno-Tahoe_International_Airport,,1050,2009-02-03T07:40:35+00:00
65,3450,KCHS,medium_airport,Charleston International Airport,32.898602,-80.040497,46,,United States,US,South Carolina,US-SC,SC,Charleston,1,KCHS,CHS,CHS,,https://en.wikipedia.org/wiki/Charleston_International_Airport,Charleston Air Force Base,750,2021-11-21T15:01:18+00:00
66,3512,KELP,medium_airport,El Paso International Airport,31.80719948,-106.3779984,3959,,United States,US,Texas,US-TX,TX,El Paso,1,KELP,ELP,ELP,,https://en.wikipedia.org/wiki/El_Paso_International_Airport,,750,2010-01-23T11:27:50+00:00
67,3755,KORF,medium_airport,Norfolk International Airport,36.8946,-76.201202,26,,United States,US,Virginia,US-VA,VA,Norfolk,1,KORF,ORF,ORF,,https://en.wikipedia.org/wiki/Norfolk_International_Airport,,750,2021-11-21T15:01:46+00:00
68,3644,KLGB,medium_airport,Long Beach Airport (Daugherty Field),33.816523,-118.149891,60,,United States,US,California,US-CA,CA,Long Beach,1,KLGB,LGB,LGB,http://www.lgb.org/,https://en.wikipedia.org/wiki/Long_Beach_Airport,Daugherty Field,750,2022-10-18T11:17:08+00:00
69,3858,KRSW,large_airport,Southwest Florida International Airport,26.53619956970215,-81.75520324707031,30,,United States,US,Florida,US-FL,FL,Fort Myers,1,KRSW,RSW,RSW,http://www.flylcpa.com/,https://en.wikipedia.org/wiki/Southwest_Florida_International_Airport,,51150,2009-04-15T21:59:48+00:00
70,3847,KRIC,large_airport,Richmond International Airport,37.50519943237305,-77.3197021484375,167,,United States,US,Virginia,US-VA,VA,Richmond,1,KRIC,RIC,RIC,,https://en.wikipedia.org/wiki/Richmond_International_Airport,,1475,2008-06-13T14:30:04+00:00
71,3864,KSAV,large_airport,Savannah Hilton Head International Airport,32.12760162,-81.20210266,50,,United States,US,Georgia,US-GA,GA,Savannah,1,KSAV,SAV,SAV,,https://en.wikipedia.org/wiki/Savannah/Hilton_Head_International_Airport,,1275,2010-01-23T11:28:05+00:00
72,3406,KBHM,medium_airport,Birmingham-Shuttlesworth International Airport,33.562901,-86.753502,650,,United States,US,Alabama,US-AL,AL,Birmingham,1,KBHM,BHM,BHM,http://www.flybirmingham.com/,https://en.wikipedia.org/wiki/Birmingham_International_Airport_(US),,750,2021-11-21T15:02:17+00:00
73,5448,PHKO,medium_airport,Ellison Onizuka Kona International Airport at Keahole,19.738783,-156.045603,47,OC,United States,US,Hawaii,US-HI,HI,Kailua-Kona,1,PHKO,KOA,KOA,,https://en.wikipedia.org/wiki/Kona_International_Airport,,750,2022-03-08T16:02:00+00:00
74,3589,KHPN,medium_airport,Westchester County Airport,41.06700134277344,-73.70760345458984,439,,United States,US,New York,US-NY,NY,White Plains,1,KHPN,HPN,HPN,,https://en.wikipedia.org/wiki/Westchester_County_Airport,"Manhattan, New York City, NYC",750,2008-06-13T14:30:04+00:00
75,3371,KALB,medium_airport,Albany International Airport,42.74829864501953,-73.80169677734375,285,,United States,US,New York,US-NY,NY,Albany,1,KALB,ALB,ALB,http://www.albanyairport.com/,https://en.wikipedia.org/wiki/Albany_International_Airport,,750,2008-06-13T14:30:04+00:00
76,3421,KBOI,medium_airport,Boise Air Terminal/Gowen Field,43.5644,-116.223,2871,,United States,US,Idaho,US-ID,ID,Boise,1,KBOI,BOI,BOI,http://www.cityofboise.org/departments/airport/,https://en.wikipedia.org/wiki/Boise_Airport,"Boise Air Terminal, Gowen Field",750,2021-11-21T15:02:39+00:00
77,3752,KONT,large_airport,Ontario International Airport,34.055999755859375,-117.60099792480469,944,,United States,US,California,US-CA,CA,Ontario,1,KONT,ONT,ONT,,https://en.wikipedia.org/wiki/LA/Ontario_International_Airport,,1475,2008-06-13T14:30:04+00:00
78,3913,KSYR,large_airport,Syracuse Hancock International Airport,43.11119842529297,-76.1063003540039,421,,United States,US,New York,US-NY,NY,Syracuse,1,KSYR,SYR,SYR,http://www.syrairport.org/,https://en.wikipedia.org/wiki/Syracuse_Hancock_International_Airport,,1275,2009-07-11T20:52:07+00:00
79,3566,KGRR,medium_airport,Gerald R. Ford International Airport,42.88079834,-85.52279663,794,,United States,US,Michigan,US-MI,MI,Grand Rapids,1,KGRR,GRR,GRR,,https://en.wikipedia.org/wiki/Gerald_R._Ford_International_Airport,,750,2010-01-23T11:27:52+00:00
80,3855,KROC,medium_airport,Frederick Douglass Greater Rochester International Airport,43.1189,-77.672401,559,,United States,US,New York,US-NY,NY,Rochester,1,KROC,ROC,ROC,https://rocairport.com/,https://en.wikipedia.org/wiki/Greater_Rochester_International_Airport,,750,2022-06-05T00:05:59+00:00
82,3605,KICT,medium_airport,Wichita Eisenhower National Airport,37.649899,-97.433098,1333,,United States,US,Kansas,US-KS,KS,Wichita,1,KICT,ICT,ICT,,https://en.wikipedia.org/wiki/Wichita_Dwight_D._Eisenhower_National_Airport,,750,2021-07-31T17:52:14+00:00
83,3481,KDAY,medium_airport,James M Cox Dayton International Airport,39.902401,-84.219398,1009,,United States,US,Ohio,US-OH,OH,Dayton,1,KDAY,DAY,DAY,,https://en.wikipedia.org/wiki/Dayton_International_Airport,,750,2021-11-20T16:28:58+00:00
84,3552,KGEG,medium_airport,Spokane International Airport,47.6199,-117.533997,2376,,United States,US,Washington,US-WA,WA,Spokane,1,KGEG,GEG,GEG,,https://en.wikipedia.org/wiki/Spokane_International_Airport,,750,2021-11-21T15:03:15+00:00
85,3796,KPWM,large_airport,Portland International Jetport,43.646198,-70.309303,76,,United States,US,Maine,US-ME,ME,Portland,1,KPWM,PWM,PWM,https://portlandjetport.org/,https://en.wikipedia.org/wiki/Portland_International_Jetport,,1275,2023-06-22T11:58:25+00:00
86,3496,KDSM,medium_airport,Des Moines International Airport,41.534,-93.663101,958,,United States,US,Iowa,US-IA,IA,Des Moines,1,KDSM,DSM,DSM,,https://en.wikipedia.org/wiki/Des_Moines_International_Airport,,750,2021-08-08T06:02:23+00:00
87,3645,KLIT,medium_airport,Bill & Hillary Clinton National Airport/Adams Field,34.729582,-92.223728,262,,United States,US,Arkansas,US-AR,AR,Little Rock,1,KLIT,LIT,LIT,,https://en.wikipedia.org/wiki/Little_Rock_National_Airport,,750,2021-11-20T16:32:41+00:00
88,3930,KTUL,large_airport,Tulsa International Airport,36.19839859008789,-95.88809967041016,677,,United States,US,Oklahoma,US-OK,OK,Tulsa,1,KTUL,TUL,TUL,,https://en.wikipedia.org/wiki/Tulsa_International_Airport,,1475,2008-06-13T14:30:04+00:00
89,3463,KCOS,medium_airport,City of Colorado Springs Municipal Airport,38.805801,-104.700996,6187,,United States,US,Colorado,US-CO,CO,Colorado Springs,1,KCOS,COS,COS,https://flycos.coloradosprings.gov/,https://en.wikipedia.org/wiki/Colorado_Springs_Airport,,750,2021-11-22T14:14:00+00:00
90,3707,KMSN,medium_airport,Dane County Regional Truax Field,43.1399,-89.337502,887,,United States,US,Wisconsin,US-WI,WI,Madison,1,KMSN,MSN,MSN,,https://en.wikipedia.org/wiki/Dane_County_Regional_Airport,,750,2022-03-04T14:34:33+00:00
91,3938,KTYS,medium_airport,McGhee Tyson Airport,35.811001,-83.994003,981,,United States,US,Tennessee,US-TN,TN,Alcoa,1,KTYS,TYS,TYS,,https://en.wikipedia.org/wiki/McGhee_Tyson_Airport,Knoxville,750,2022-09-26T00:02:27+00:00
92,3684,KMHT,medium_airport,Manchester-Boston Regional Airport,42.932598,-71.435699,266,,United States,US,New Hampshire,US-NH,NH,Manchester,1,KMHT,MHT,MHT,,https://en.wikipedia.org/wiki/Manchester-Boston_Regional_Airport,,599,2021-08-01T05:28:18+00:00
93,3430,KBTV,medium_airport,Burlington International Airport,44.471901,-73.153297,335,,United States,US,Vermont,US-VT,VT,South Burlington,1,KBTV,BTV,BTV,http://www.vermontairports.com/btv.html,https://en.wikipedia.org/wiki/Burlington_International_Airport,,750,2022-03-08T12:29:11+00:00
94,3792,KPSP,medium_airport,Palm Springs International Airport,33.8297,-116.507004,477,,United States,US,California,US-CA,CA,Palm Springs,1,KPSP,PSP,PSP,http://www.palmspringsca.gov/index.aspx?page=270,https://en.wikipedia.org/wiki/Palm_Springs_International_Airport,Palm Springs Air Base,750,2021-04-19T16:07:50+00:00
95,3866,KSBA,medium_airport,Santa Barbara Municipal Airport,34.42620087,-119.8399963,13,,United States,US,California,US-CA,CA,Santa Barbara,1,KSBA,SBA,SBA,,https://en.wikipedia.org/wiki/Santa_Barbara_Airport,,750,2010-01-23T11:28:05+00:00
96,3522,KEYW,medium_airport,Key West International Airport,24.556101,-81.759598,3,,United States,US,Florida,US-FL,FL,Key West,1,KEYW,EYW,EYW,,https://en.wikipedia.org/wiki/Key_West_International_Airport,,750,2021-07-31T17:28:00+00:00
97,3569,KGSP,medium_airport,Greenville Spartanburg International Airport,34.895699,-82.218903,964,,United States,US,South Carolina,US-SC,SC,Greer,1,KGSP,GSP,GSP,,https://en.wikipedia.org/wiki/Greenville-Spartanburg_International_Airport,,750,2021-11-20T16:24:51+00:00
98,3640,KLEX,medium_airport,Blue Grass Airport,38.036499,-84.605904,979,,United States,US,Kentucky,US-KY,KY,Lexington,1,KLEX,LEX,LEX,http://www.bluegrassairport.com/,https://en.wikipedia.org/wiki/Blue_Grass_Airport,,750,2021-11-20T15:25:26+00:00
99,3783,KPNS,medium_airport,Pensacola International Airport,30.4734,-87.1866,121,,United States,US,Florida,US-FL,FL,Pensacola,1,KPNS,PNS,PNS,http://www.flypensacola.com/,https://en.wikipedia.org/wiki/Pensacola_Regional_Airport,,750,2019-11-07T18:53:05+00:00
100,3838,KRAP,medium_airport,Rapid City Regional Airport,44.0452995300293,-103.05699920654297,3204,,United States,US,South Dakota,US-SD,SD,Rapid City,1,KRAP,RAP,RAP,,https://en.wikipedia.org/wiki/Rapid_City_Regional_Airport,,750,2008-06-13T14:30:04+00:00
101,3924,KTLH,medium_airport,Tallahassee Regional Airport,30.3965,-84.350304,81,,United States,US,Florida,US-FL,FL,Tallahassee,1,KTLH,TLH,TLH,,https://en.wikipedia.org/wiki/Tallahassee_Regional_Airport,,750,2021-11-20T15:24:50+00:00
102,5449,PHLI,medium_airport,Lihue Airport,21.976,-159.339005,153,OC,United States,US,Hawaii,US-HI,HI,Lihue,1,PHLI,LIH,LIH,,https://en.wikipedia.org/wiki/Lihu'e_Airport,,750,2022-03-08T16:02:06+00:00
104,3568,KGSO,medium_airport,Piedmont Triad International Airport,36.097801,-79.937302,925,,United States,US,North Carolina,US-NC,NC,Greensboro,1,KGSO,GSO,GSO,,https://en.wikipedia.org/wiki/Piedmont_Triad_International_Airport,,750,2021-11-20T16:25:34+00:00
106,3705,KMRY,medium_airport,Monterey Peninsula Airport,36.58700180053711,-121.84300231933594,257,,United States,US,California,US-CA,CA,Monterey,1,KMRY,MRY,MRY,,https://en.wikipedia.org/wiki/Monterey_Peninsula_Airport,,750,2008-06-13T14:30:04+00:00
107,3899,KSRQ,medium_airport,Sarasota Bradenton International Airport,27.395399,-82.554398,30,,United States,US,Florida,US-FL,FL,Sarasota/Bradenton,1,KSRQ,SRQ,SRQ,,https://en.wikipedia.org/wiki/Sarasota-Bradenton_International_Airport,,750,2021-11-20T15:26:55+00:00
108,3387,KAVL,medium_airport,Asheville Regional Airport,35.436199,-82.541801,2165,,United States,US,North Carolina,US-NC,NC,Asheville,1,KAVL,AVL,AVL,,https://en.wikipedia.org/wiki/Asheville_Regional_Airport,,750,2021-08-01T09:49:00+00:00
109,3478,KDAB,medium_airport,Daytona Beach International Airport,29.179899,-81.058098,34,,United States,US,Florida,US-FL,FL,Daytona Beach,1,KDAB,DAB,DAB,,https://en.wikipedia.org/wiki/Daytona_Beach_International_Airport,,750,2021-08-01T05:30:32+00:00
110,3775,KPIE,medium_airport,St. Petersburg Clearwater International Airport,27.9102,-82.687401,11,,United States,US,Florida,US-FL,FL,Pinellas Park,1,KPIE,PIE,PIE,,https://en.wikipedia.org/wiki/St._Petersburg-Clearwater_International_Airport,,750,2022-10-27T15:35:40+00:00
111,3876,KSFB,large_airport,Orlando Sanford International Airport,28.777599334716797,-81.23750305175781,55,,United States,US,Florida,US-FL,FL,Orlando,1,KSFB,SFB,SFB,,https://en.wikipedia.org/wiki/Orlando_Sanford_International_Airport,,1275,2008-06-13T14:30:04+00:00
112,3405,KBGR,medium_airport,Bangor International Airport,44.8074,-68.828102,192,,United States,US,Maine,US-ME,ME,Bangor,1,KBGR,BGR,BGR,,https://en.wikipedia.org/wiki/Bangor_International_Airport,,750,2021-11-21T15:05:48+00:00
114,3439,KCAK,medium_airport,Akron Canton Regional Airport,40.916099548339844,-81.44219970703125,1228,,United States,US,Ohio,US-OH,OH,Akron,1,KCAK,CAK,CAK,,https://en.wikipedia.org/wiki/Akron-Canton_Regional_Airport,,750,2008-06-13T14:30:04+00:00
115,3672,KMDT,medium_airport,Harrisburg International Airport,40.193501,-76.763397,310,,United States,US,Pennsylvania,US-PA,PA,Harrisburg,1,KMDT,MDT,MDT,http://www.flyhia.com/,https://en.wikipedia.org/wiki/Harrisburg_International_Airport,"Harrisburg, Lancaster, York, HIA, Middletown",750,2022-11-28T10:27:39+00:00
116,3438,KCAE,medium_airport,Columbia Metropolitan Airport,33.938801,-81.119499,236,,United States,US,South Carolina,US-SC,SC,Columbia,1,KCAE,CAE,CAE,,https://en.wikipedia.org/wiki/Columbia_Metropolitan_Airport,,750,2021-11-20T16:26:07+00:00
117,3449,KCHO,medium_airport,Charlottesville Albemarle Airport,38.13859939575195,-78.4529037475586,639,,United States,US,Virginia,US-VA,VA,Charlottesville,1,KCHO,CHO,CHO,,https://en.wikipedia.org/wiki/Charlottesville-Albemarle_Airport,,750,2008-06-13T14:30:04+00:00
118,3594,KHSV,medium_airport,Huntsville International Carl T Jones Field,34.637199,-86.775101,629,,United States,US,Alabama,US-AL,AL,Huntsville,1,KHSV,HSV,HSV,http://www.flyhuntsville.com/portal/#.VbaG-_lVhBc,https://en.wikipedia.org/wiki/Huntsville_International_Airport,,750,2021-11-21T15:08:07+00:00
119,3633,KLBB,medium_airport,Lubbock Preston Smith International Airport,33.663601,-101.822998,3282,,United States,US,Texas,US-TX,TX,Lubbock,1,KLBB,LBB,LBB,http://www.flylia.com/,https://en.wikipedia.org/wiki/Lubbock_Preston_Smith_International_Airport,,750,2021-11-20T15:26:01+00:00
120,3717,KMYR,medium_airport,Myrtle Beach International Airport,33.6796989441,-78.9282989502,25,,United States,US,South Carolina,US-SC,SC,Myrtle Beach,1,KMYR,MYR,MYR,,https://en.wikipedia.org/wiki/Myrtle_Beach_International_Airport,,750,2014-06-03T10:17:32+00:00
121,3448,KCHA,medium_airport,Chattanooga Metropolitan Airport (Lovell Field),35.035301,-85.203796,683,,United States,US,Tennessee,US-TN,TN,Chattanooga,1,KCHA,CHA,CHA,,https://en.wikipedia.org/wiki/Chattanooga_Metropolitan_Airport,,750,2021-11-20T15:27:32+00:00
123,3618,KJAC,medium_airport,Jackson Hole Airport,43.6072998046875,-110.73799896240234,6451,,United States,US,Wyoming,US-WY,WY,Jackson,1,KJAC,JAC,JAC,,https://en.wikipedia.org/wiki/Jackson_Hole_Airport,,750,2008-06-13T14:30:04+00:00
125,3524,KFAT,medium_airport,Fresno Yosemite International Airport,36.776199,-119.718002,336,,United States,US,California,US-CA,CA,Fresno,1,KFAT,FAT,FAT,https://flyfresno.com/,https://en.wikipedia.org/wiki/Fresno_Yosemite_International_Airport,,750,2021-08-01T10:15:05+00:00
126,3562,KGRB,medium_airport,Austin Straubel International Airport,44.483459,-88.130805,695,,United States,US,Wisconsin,US-WI,WI,Green Bay,1,KGRB,GRB,GRB,,https://en.wikipedia.org/wiki/Austin_Straubel_International_Airport,,750,2022-03-17T23:13:18+00:00
127,21033,KSAF,medium_airport,Santa Fe Municipal Airport,35.6171,-106.088997,6348,,United States,US,New Mexico,US-NM,NM,Santa Fe,1,KSAF,SAF,SAF,https://flysantafe.com/flights/airlines/,https://en.wikipedia.org/wiki/Santa_Fe_Regional_Airport,,500,2023-04-11T01:16:47+00:00
128,5457,PHTO,medium_airport,Hilo International Airport,19.721399,-155.048004,38,OC,United States,US,Hawaii,US-HI,HI,Hilo,1,PHTO,ITO,ITO,,https://en.wikipedia.org/wiki/Hilo_International_Airport,,750,2022-03-08T16:02:24+00:00
130,3879,KSGF,medium_airport,Springfield Branson National Airport,37.245701,-93.388603,1268,,United States,US,Missouri,US-MO,MO,Springfield,1,KSGF,SGF,SGF,,https://en.wikipedia.org/wiki/Springfield/Branson_National_Airport,,750,2021-11-20T16:31:46+00:00
133,3377,KAMA,medium_airport,Rick Husband Amarillo International Airport,35.219398,-101.706001,3607,,United States,US,Texas,US-TX,TX,Amarillo,1,KAMA,AMA,AMA,http://airport.amarillo.gov/,https://en.wikipedia.org/wiki/Rick_Husband_Amarillo_International_Airport,,750,2021-11-20T15:28:26+00:00
135,3869,KSBP,medium_airport,San Luis County Regional Airport,35.236801147499996,-120.641998291,212,,United States,US,California,US-CA,CA,San Luis Obispo,1,KSBP,SBP,SBP,http://www.sloairport.com/,https://en.wikipedia.org/wiki/San_Luis_Obispo_County_Regional_Airport,SLO Airport,750,2014-06-11T07:23:42+00:00
136,3868,KSBN,medium_airport,South Bend Regional Airport,41.708698,-86.317299,799,,United States,US,Indiana,US-IN,IN,South Bend,1,KSBN,SBN,SBN,,https://en.wikipedia.org/wiki/South_Bend_Regional_Airport,,750,2021-08-01T05:32:31+00:00
139,3408,KBIL,medium_airport,Billings Logan International Airport,45.807701,-108.542999,3652,,United States,US,Montana,US-MT,MT,Billings,1,KBIL,BIL,BIL,,https://en.wikipedia.org/wiki/Billings_Logan_International_Airport,,750,2021-11-20T15:29:45+00:00
141,5360,PAFA,large_airport,Fairbanks International Airport,64.81510162,-147.8560028,439,,United States,US,Alaska,US-AK,AK,Fairbanks,1,PAFA,FAI,FAI,,https://en.wikipedia.org/wiki/Fairbanks_International_Airport,,1000,2010-01-23T11:28:10+00:00
143,3416,KBLI,medium_airport,Bellingham International Airport,48.79280090332031,-122.53800201416016,170,,United States,US,Washington,US-WA,WA,Bellingham,1,KBLI,BLI,BLI,,https://en.wikipedia.org/wiki/Bellingham_International_Airport,,750,2008-06-13T14:30:04+00:00
144,3547,KFWA,medium_airport,Fort Wayne International Airport,40.9785,-85.195099,814,,United States,US,Indiana,US-IN,IN,Fort Wayne,1,KFWA,FWA,FWA,https://fwairport.com/,https://en.wikipedia.org/wiki/Fort_Wayne_International_Airport,Baer Field,750,2021-11-20T15:31:59+00:00
145,3911,KSWF,medium_airport,New York Stewart International Airport,41.504101,-74.104797,491,,United States,US,New York,US-NY,NY,Newburgh,1,KSWF,SWF,SWF,,https://en.wikipedia.org/wiki/Stewart_International_Airport,,750,2019-07-14T17:43:57+00:00
146,3523,KFAR,medium_airport,Hector International Airport,46.92070007324219,-96.81580352783203,902,,United States,US,North Dakota,US-ND,ND,Fargo,1,KFAR,FAR,FAR,http://www.fargoairport.com/,https://en.wikipedia.org/wiki/Hector_International_Airport,"119th Wing, Happy Hooligans",750,2008-06-13T14:30:04+00:00
149,3451,KCID,medium_airport,The Eastern Iowa Airport,41.884701,-91.7108,869,,United States,US,Iowa,US-IA,IA,Cedar Rapids,1,KCID,CID,CID,,https://en.wikipedia.org/wiki/The_Eastern_Iowa_Airport,Cedar Rapids Municipal,750,2021-11-20T15:30:19+00:00
150,3559,KGNV,medium_airport,Gainesville Regional Airport,29.6900997162,-82.2717971802,152,,United States,US,Florida,US-FL,FL,Gainesville,1,KGNV,GNV,GNV,,https://en.wikipedia.org/wiki/Gainesville_Regional_Airport,,750,2013-05-15T09:57:56+00:00
151,3616,KISP,medium_airport,Long Island Mac Arthur Airport,40.79520035,-73.10019684,99,,United States,US,New York,US-NY,NY,Islip,1,KISP,ISP,ISP,,https://en.wikipedia.org/wiki/Long_Island_MacArthur_Airport,,750,2010-01-23T11:27:54+00:00
152,3541,KFSD,medium_airport,Sioux Falls Regional Airport / Joe Foss Field,43.585463,-96.741152,1429,,United States,US,South Dakota,US-SD,SD,Sioux Falls,1,KFSD,FSD,FSD,http://www.sfairport.com/,https://en.wikipedia.org/wiki/Sioux_Falls_Regional_Airport,"Joe Foss Field, Fighting Lobos, Sioux Falls Army Air Base, 114th Fighter Wing, Sioux Falls Regional Airport",750,2021-03-03T12:12:22+00:00
156,3491,KDLH,medium_airport,Duluth International Airport,46.842098,-92.193604,1428,,United States,US,Minnesota,US-MN,MN,Duluth,1,KDLH,DLH,DLH,http://www.duluthairport.com/,https://en.wikipedia.org/wiki/Duluth_International_Airport,"LKI, Duluth Air National Guard Base, Lakeside AFB",750,2022-01-28T17:34:15+00:00
157,3647,KLNK,medium_airport,Lincoln Airport,40.85100173950195,-96.75920104980469,1219,,United States,US,Nebraska,US-NE,NE,Lincoln,1,KLNK,LNK,LNK,http://www.lincolnairport.com/,https://en.wikipedia.org/wiki/Lincoln_Airport_%28Nebraska%29,"Lincoln Army Air Field, Lincoln Air Force Base, 155th Air Refueling Wing",750,2008-06-13T14:30:04+00:00
158,3663,KMAF,medium_airport,Midland International Air and Space Port,31.942499,-102.202003,2871,,United States,US,Texas,US-TX,TX,Midland,1,KMAF,MAF,MAF,,https://en.wikipedia.org/wiki/Midland_International_Airport,,750,2022-10-23T15:13:52+00:00
159,3854,KROA,medium_airport,Roanoke–Blacksburg Regional Airport,37.3255,-79.975403,1175,,United States,US,Virginia,US-VA,VA,Roanoke,1,KROA,ROA,ROA,http://www.roanokeairport.com/,https://en.wikipedia.org/wiki/Roanoke%E2%80%93Blacksburg_Regional_Airport,Woodrum Field,750,2021-11-20T15:34:21+00:00
160,3763,KPAE,medium_airport,Seattle Paine Field International Airport,47.9063,-122.281998,606,,United States,US,Washington,US-WA,WA,Everett,1,KPAE,PAE,PAE,,https://en.wikipedia.org/wiki/Paine_Field,Snohomish County,500,2023-10-05T17:08:44+00:00
161,3356,KABE,medium_airport,Lehigh Valley International Airport,40.651773,-75.442797,393,,United States,US,Pennsylvania,US-PA,PA,Allentown,1,KABE,ABE,ABE,,https://en.wikipedia.org/wiki/Lehigh_Valley_International_Airport,,750,2022-03-04T10:29:37+00:00
163,3517,KEUG,medium_airport,Mahlon Sweet Field,44.12459945678711,-123.21199798583984,374,,United States,US,Oregon,US-OR,OR,Eugene,1,KEUG,EUG,EUG,,https://en.wikipedia.org/wiki/Eugene_Airport,,750,2008-06-13T14:30:04+00:00
164,19308,KASE,medium_airport,Aspen-Pitkin County Airport (Sardy Field),39.223202,-106.869003,7820,,United States,US,Colorado,US-CO,CO,Aspen,1,KASE,ASE,ASE,http://aspenairport.com/,https://en.wikipedia.org/wiki/Aspen%E2%80%93Pitkin_County_Airport,,500,2022-12-15T16:06:02+00:00
165,21114,KSTS,medium_airport,Charles M. Schulz Sonoma County Airport,38.50899887,-122.8130035,128,,United States,US,California,US-CA,CA,Santa Rosa,1,KSTS,STS,STS,http://www.sonomacountyairport.org/,https://en.wikipedia.org/wiki/Charles_M._Schulz_-_Sonoma_County_Airport,,500,2014-04-11T19:00:49+00:00
167,3609,KILM,medium_airport,Wilmington International Airport,34.270599365234375,-77.90260314941406,32,,United States,US,North Carolina,US-NC,NC,Wilmington,1,KILM,ILM,ILM,,https://en.wikipedia.org/wiki/Wilmington_International_Airport,,750,2008-06-13T14:30:04+00:00
169,3619,KJAN,medium_airport,Jackson-Medgar Wiley Evers International Airport,32.311199,-90.075897,346,,United States,US,Mississippi,US-MS,MS,Jackson,1,KJAN,JAN,JAN,,https://en.wikipedia.org/wiki/Jackson-Evers_International_Airport,,750,2021-11-20T15:34:45+00:00
170,3700,KMOB,medium_airport,Mobile Regional Airport,30.6912,-88.242798,219,,United States,US,Alabama,US-AL,AL,Mobile,1,KMOB,MOB,MOB,http://www.mobairport.com/,https://en.wikipedia.org/wiki/Mobile_Regional_Airport,,750,2021-11-20T15:04:45+00:00
173,3429,KBTR,medium_airport,Baton Rouge Metropolitan Airport,30.533199,-91.149597,70,,United States,US,Louisiana,US-LA,LA,Baton Rouge,1,KBTR,BTR,BTR,,https://en.wikipedia.org/wiki/Baton_Rouge_Metropolitan_Airport,,750,2018-09-15T18:52:59+00:00
174,3437,KBZN,medium_airport,Gallatin Field,45.77750015,-111.1529999,4473,,United States,US,Montana,US-MT,MT,Bozeman,1,KBZN,BZN,BZN,,https://en.wikipedia.org/wiki/Gallatin_Field_Airport,,750,2010-01-23T11:27:48+00:00
175,3693,KMLB,medium_airport,Melbourne Orlando International Airport,28.1028,-80.645302,33,,United States,US,Florida,US-FL,FL,Melbourne,1,KMLB,MLB,MLB,https://www.mlbair.com/,https://en.wikipedia.org/wiki/Melbourne_International_Airport,,750,2021-10-07T06:37:28+00:00
176,3388,KAVP,medium_airport,Wilkes Barre Scranton International Airport,41.338500976599995,-75.72339630130001,962,,United States,US,Pennsylvania,US-PA,PA,Wilkes-Barre/Scranton,1,KAVP,AVP,AVP,http://www.flyavp.com/,https://en.wikipedia.org/wiki/Wilkes-Barre/Scranton_International_Airport,,750,2012-06-17T10:28:37+00:00
177,21410,KXNA,medium_airport,Northwest Arkansas National Airport,36.281898,-94.306801,1287,,United States,US,Arkansas,US-AR,AR,Fayetteville/Springdale/Rogers,1,KXNA,XNA,XNA,http://www.flyxna.com/,https://en.wikipedia.org/wiki/Northwest_Arkansas_Regional_Airport,"Bentonville, Rogers",500,2023-06-22T17:27:17+00:00
180,3466,KCRP,medium_airport,Corpus Christi International Airport,27.770399,-97.501198,44,,United States,US,Texas,US-TX,TX,Corpus Christi,1,KCRP,CRP,CRP,,https://en.wikipedia.org/wiki/Corpus_Christi_International_Airport,,750,2021-11-20T15:35:15+00:00
181,3708,KMSO,medium_airport,Missoula International Airport,46.91630173,-114.0910034,3206,,United States,US,Montana,US-MT,MT,Missoula,1,KMSO,MSO,MSO,,https://en.wikipedia.org/wiki/Missoula_International_Airport,,750,2010-01-23T11:28:00+00:00
182,3857,KRST,medium_airport,Rochester International Airport,43.908298,-92.5,1317,,United States,US,Minnesota,US-MN,MN,Rochester,1,KRST,RST,RST,,https://en.wikipedia.org/wiki/Rochester_International_Airport,,750,2021-11-21T15:10:22+00:00
185,3629,KLAN,medium_airport,Capital City Airport,42.77870178222656,-84.58740234375,861,,United States,US,Michigan,US-MI,MI,Lansing,1,KLAN,LAN,LAN,,https://en.wikipedia.org/wiki/Lansing_Capital_City_Airport,,750,2008-06-13T14:30:04+00:00
186,3360,KACK,medium_airport,Nantucket Memorial Airport,41.25310135,-70.06020355,47,,United States,US,Massachusetts,US-MA,MA,Nantucket,1,KACK,ACK,ACK,,https://en.wikipedia.org/wiki/Nantucket_Memorial_Airport,,750,2010-01-23T11:27:45+00:00
187,3789,KPRC,medium_airport,Prescott International Airport - Ernest A. Love Field,34.654499,-112.419998,5045,,United States,US,Arizona,US-AZ,AZ,Prescott,1,KPRC,PRC,PRC,,https://en.wikipedia.org/wiki/Ernest_A._Love_Field,,750,2021-11-20T15:32:33+00:00
188,3557,KGJT,medium_airport,Grand Junction Regional Airport,39.126663,-108.529387,4858,,United States,US,Colorado,US-CO,CO,Grand Junction,1,KGJT,GJT,GJT,http://www.gjairport.com/,https://en.wikipedia.org/wiki/Grand_Junction_Regional_Airport,,750,2021-10-13T10:57:04+00:00
191,3409,KBIS,medium_airport,Bismarck Municipal Airport,46.772701263427734,-100.74600219726562,1661,,United States,US,North Dakota,US-ND,ND,Bismarck,1,KBIS,BIS,BIS,http://bismarckairport.com/,https://en.wikipedia.org/wiki/Bismarck_Municipal_Airport,,750,2008-06-13T14:30:04+00:00
192,3467,KCRW,medium_airport,Yeager Airport,38.3731,-81.593201,981,,United States,US,West Virginia,US-WV,WV,Charleston,1,KCRW,CRW,CRW,,https://en.wikipedia.org/wiki/Yeager_Airport,,750,2021-11-20T16:31:05+00:00
194,20578,KMVY,small_airport,Martha's Vineyard Airport,41.3931007385,-70.6143035889,67,,United States,US,Massachusetts,US-MA,MA,Martha's Vineyard,1,KMVY,MVY,MVY,,https://en.wikipedia.org/wiki/Martha's_Vineyard_Airport,,100,2010-09-24T19:19:43+00:00
197,3530,KFLG,medium_airport,Flagstaff Pulliam International Airport,35.1385,-111.670998,7014,,United States,US,Arizona,US-AZ,AZ,Flagstaff,1,KFLG,FLG,FLG,,https://en.wikipedia.org/wiki/Flagstaff_Pulliam_Airport,,750,2021-11-21T15:10:54+00:00
198,3535,KFNT,medium_airport,Bishop International Airport,42.96540069580078,-83.74359893798828,782,,United States,US,Michigan,US-MI,MI,Flint,1,KFNT,FNT,FNT,,https://en.wikipedia.org/wiki/Bishop_International_Airport,,750,2008-06-13T14:30:04+00:00
200,20105,KHXD,small_airport,Hilton Head Airport,32.2244,-80.697502,19,,United States,US,South Carolina,US-SC,SC,Hilton Head Island,1,KHXD,HHH,HXD,https://www.hiltonheadairport.com/,https://en.wikipedia.org/wiki/Hilton_Head_Airport,49J,100,2023-08-07T11:15:03+00:00
201,3791,KPSM,medium_airport,Portsmouth International at Pease Airport,43.0778999329,-70.8233032227,100,,United States,US,New Hampshire,US-NH,NH,Portsmouth,1,KPSM,PSM,PSM,,https://en.wikipedia.org/wiki/Pease_International_Airport,,750,2009-12-14T10:39:21+00:00
204,3770,KPHF,medium_airport,Newport News Williamsburg International Airport,37.131901,-76.492996,42,,United States,US,Virginia,US-VA,VA,Newport News,1,KPHF,PHF,PHF,,https://en.wikipedia.org/wiki/Newport_News/Williamsburg_International_Airport,,750,2022-10-22T16:30:49+00:00
205,3617,KIWA,medium_airport,Phoenix–Mesa Gateway Airport,33.3078,-111.654999,1382,,United States,US,Arizona,US-AZ,AZ,Mesa,1,KIWA,AZA,IWA,http://www.flywga.org/,https://en.wikipedia.org/wiki/Phoenix%E2%80%93Mesa_Gateway_Airport,"Williams Air Force Base, Williams Gateway Airport",500,2021-10-18T15:31:30+00:00
208,3571,KGTF,medium_airport,Great Falls International Airport,47.48199844,-111.3710022,3680,,United States,US,Montana,US-MT,MT,Great Falls,1,KGTF,GTF,GTF,,https://en.wikipedia.org/wiki/Great_Falls_International_Airport,,750,2010-01-23T11:27:52+00:00
209,3390,KAZO,medium_airport,Kalamazoo Battle Creek International Airport,42.234901428222656,-85.5521011352539,874,,United States,US,Michigan,US-MI,MI,Kalamazoo,1,KAZO,AZO,AZO,,https://en.wikipedia.org/wiki/Kalamazoo-Battle_Creek_International_Airport,,750,2008-06-13T14:30:04+00:00
210,3961,KNYL,medium_airport,Yuma International Airport / Marine Corps Air Station Yuma,32.656601,-114.606003,213,,United States,US,Arizona,US-AZ,AZ,Yuma,1,KNYL,YUM,NYL,,https://en.wikipedia.org/wiki/Yuma_International_Airport,"Yuma MCAS, Yuma Marine Corps Air Station, Formerly KYUM",750,2021-11-20T15:36:11+00:00
212,3368,KAGS,medium_airport,Augusta Regional At Bush Field,33.3699,-81.9645,144,,United States,US,Georgia,US-GA,GA,Augusta,1,KAGS,AGS,AGS,,https://en.wikipedia.org/wiki/Augusta_Regional_Airport,,750,2021-11-20T15:40:33+00:00
213,3928,KTRI,medium_airport,Tri-Cities Regional TN/VA Airport,36.475201,-82.407401,1519,,United States,US,Tennessee,US-TN,TN,Blountville,1,KTRI,TRI,TRI,,https://en.wikipedia.org/wiki/Tri-Cities_Regional_Airport,,750,2022-09-17T22:53:50+00:00
214,3679,KMFR,medium_airport,Rogue Valley International Medford Airport,42.37419891357422,-122.87300109863281,1335,,United States,US,Oregon,US-OR,OR,Medford,1,KMFR,MFR,MFR,,https://en.wikipedia.org/wiki/Rogue_Valley_International-Medford_Airport,,750,2008-06-13T14:30:04+00:00
215,3925,KTOL,medium_airport,Eugene F. Kranz Toledo Express Airport,41.5868,-83.8078,683,,United States,US,Ohio,US-OH,OH,Toledo,1,KTOL,TOL,TOL,,https://en.wikipedia.org/wiki/Toledo_Express_Airport,,750,2021-10-12T12:01:10+00:00
216,21065,KSGU,medium_airport,St George Regional Airport,37.036389,-113.510306,2941,,United States,US,Utah,US-UT,UT,St George,1,KSGU,SGU,SGU,https://www.flysgu.org,https://en.wikipedia.org/wiki/St._George_Regional_Airport,DXZ,500,2022-03-04T16:02:31+00:00
217,3505,KEGE,medium_airport,Eagle County Regional Airport,39.64260101,-106.9179993,6548,,United States,US,Colorado,US-CO,CO,Eagle,1,KEGE,EGE,EGE,http://www.eaglecounty.us/airport/,https://en.wikipedia.org/wiki/Eagle_County_Regional_Airport,,750,2015-07-27T15:08:23+00:00
218,20193,KITH,medium_airport,Ithaca Tompkins Regional Airport,42.49100112915039,-76.4583969116211,1099,,United States,US,New York,US-NY,NY,Ithaca,1,KITH,ITH,ITH,,https://en.wikipedia.org/wiki/Ithaca_Tompkins_Regional_Airport,,500,2009-06-26T08:34:12+00:00
219,3794,KPUB,medium_airport,Pueblo Memorial Airport,38.289101,-104.497002,4726,,United States,US,Colorado,US-CO,CO,Pueblo,1,KPUB,PUB,PUB,,https://en.wikipedia.org/wiki/Pueblo_Memorial_Airport,,500,2021-07-31T17:03:20+00:00
220,3518,KEVV,medium_airport,Evansville Regional Airport,38.0369987488,-87.5324020386,418,,United States,US,Indiana,US-IN,IN,Evansville,1,KEVV,EVV,EVV,,https://en.wikipedia.org/wiki/Evansville_Regional_Airport,,750,2010-09-24T10:24:09+00:00
221,3561,KGPT,medium_airport,Gulfport Biloxi International Airport,30.407301,-89.070099,28,,United States,US,Mississippi,US-MS,MS,Gulfport,1,KGPT,GPT,GPT,,https://en.wikipedia.org/wiki/Gulfport-Biloxi_International_Airport,,750,2021-11-20T15:05:23+00:00
222,3681,KMGM,medium_airport,Montgomery Regional (Dannelly Field) Airport,32.300598,-86.393997,221,,United States,US,Alabama,US-AL,AL,Montgomery,1,KMGM,MGM,MGM,http://www.flymgm.com/,https://en.wikipedia.org/wiki/Montgomery_Regional_Airport,,750,2022-10-13T12:15:15+00:00
223,3882,KSHV,medium_airport,Shreveport Regional Airport,32.446602,-93.8256,258,,United States,US,Louisiana,US-LA,LA,Shreveport,1,KSHV,SHV,SHV,,https://en.wikipedia.org/wiki/Shreveport_Regional_Airport,,750,2018-09-15T19:00:21+00:00
224,3933,KTVC,medium_airport,Cherry Capital Airport,44.74140167236328,-85.58219909667969,624,,United States,US,Michigan,US-MI,MI,Traverse City,1,KTVC,TVC,TVC,,https://en.wikipedia.org/wiki/Cherry_Capital_Airport,,750,2008-06-13T14:30:04+00:00
226,19320,KATW,small_airport,Appleton International Airport,44.258099,-88.519096,918,,United States,US,Wisconsin,US-WI,WI,Appleton,1,KATW,ATW,ATW,http://atwairport.com/,https://en.wikipedia.org/wiki/Outagamie_County_Regional_Airport,Outagamie County Regional Airport,100,2022-10-13T16:54:40+00:00
231,3465,KCPR,medium_airport,Casper-Natrona County International Airport,42.908001,-106.463997,5350,,United States,US,Wyoming,US-WY,WY,Casper,1,KCPR,CPR,CPR,,https://en.wikipedia.org/wiki/Natrona_County_International_Airport,,750,2018-12-27T21:30:47+00:00
232,3455,KCLL,medium_airport,Easterwood Field,30.58860016,-96.36380005,320,,United States,US,Texas,US-TX,TX,College Station,1,KCLL,CLL,CLL,,https://en.wikipedia.org/wiki/Easterwood_Airport,,750,2010-01-23T11:27:48+00:00
233,5379,PAJN,medium_airport,Juneau International Airport,58.35499954223633,-134.5760040283203,21,,United States,US,Alaska,US-AK,AK,Juneau,1,PAJN,JNU,JNU,,https://en.wikipedia.org/wiki/Juneau_International_Airport,,750,2008-06-13T14:30:04+00:00
234,3773,KPIA,medium_airport,General Wayne A. Downing Peoria International Airport,40.6642,-89.693298,660,,United States,US,Illinois,US-IL,IL,Peoria,1,KPIA,PIA,PIA,,https://en.wikipedia.org/wiki/General_Wayne_A._Downing_Peoria_International_Airport,Peoria International Airport,750,2021-11-20T15:42:11+00:00
235,3459,KCMI,medium_airport,University of Illinois Willard Airport,40.039819,-88.276249,755,,United States,US,Illinois,US-IL,IL,Savoy,1,KCMI,CMI,CMI,,https://en.wikipedia.org/wiki/University_of_Illinois_Willard_Airport,"Champaign, Urbana",750,2022-03-04T14:23:50+00:00
236,3929,KTTN,medium_airport,Trenton Mercer Airport,40.27669906616211,-74.8134994506836,213,,United States,US,New Jersey,US-NJ,NJ,Trenton,1,KTTN,TTN,TTN,,https://en.wikipedia.org/wiki/Trenton-Mercer_Airport,,750,2008-06-13T14:30:04+00:00
240,3363,KACY,medium_airport,Atlantic City International Airport,39.45759963989258,-74.57720184326172,75,,United States,US,New Jersey,US-NJ,NJ,Atlantic City,1,KACY,ACY,ACY,,https://en.wikipedia.org/wiki/Atlantic_City_International_Airport,,750,2008-06-13T14:30:04+00:00
241,3419,KBMI,medium_airport,Central Illinois Regional Airport at Bloomington-Normal,40.4771,-88.915901,871,,United States,US,Illinois,US-IL,IL,Bloomington/Normal,1,KBMI,BMI,BMI,,https://en.wikipedia.org/wiki/Central_Illinois_Regional_Airport,,750,2021-11-20T15:38:55+00:00
242,3510,KELM,medium_airport,Elmira Corning Regional Airport,42.1599006652832,-76.8916015625,954,,United States,US,New York,US-NY,NY,Elmira/Corning,1,KELM,ELM,ELM,,https://en.wikipedia.org/wiki/Elmira-Corning_Regional_Airport,,750,2008-06-13T14:30:04+00:00
243,3543,KFSM,medium_airport,Fort Smith Regional Airport,35.336601,-94.367401,469,,United States,US,Arkansas,US-AR,AR,Fort Smith,1,KFSM,FSM,FSM,,https://en.wikipedia.org/wiki/Fort_Smith_Regional_Airport,,750,2021-11-21T15:15:25+00:00
244,3948,KVPS,medium_airport,Destin-Fort Walton Beach Airport,30.4832,-86.525398,87,,United States,US,Florida,US-FL,FL,Valparaiso,1,KVPS,VPS,VPS,http://www.flyvps.com/,https://en.wikipedia.org/wiki/Destin%E2%80%93Fort_Walton_Beach_Airport,Eglin AFB,750,2021-11-20T15:43:19+00:00
245,3402,KBFL,medium_airport,Meadows Field,35.433601,-119.056999,510,,United States,US,California,US-CA,CA,Bakersfield,1,KBFL,BFL,BFL,,https://en.wikipedia.org/wiki/Meadows_Field_Airport,,500,2021-04-14T15:21:17+00:00
250,3654,KLSE,medium_airport,La Crosse Regional Airport,43.879002,-91.256699,655,,United States,US,Wisconsin,US-WI,WI,La Crosse,1,KLSE,LSE,LSE,http://www.lseairport.com/,https://en.wikipedia.org/wiki/La_Crosse_Municipal_Airport,"airport, regional",750,2022-02-11T17:33:48+00:00
253,3600,KHYA,medium_airport,Cape Cod Gateway Airport,41.6693,-70.280403,54,,United States,US,Massachusetts,US-MA,MA,Hyannis,1,KHYA,HYA,HYA,,https://en.wikipedia.org/wiki/Barnstable_Municipal_Airport,"Barnstable, Boardman Polando",750,2023-07-05T02:59:20+00:00
254,3678,KMFE,medium_airport,McAllen Miller International Airport,26.176141,-98.237965,107,,United States,US,Texas,US-TX,TX,McAllen,1,KMFE,MFE,MFE,,https://en.wikipedia.org/wiki/McAllen-Miller_International_Airport,,750,2021-07-30T14:52:03+00:00
255,3884,KSJT,medium_airport,San Angelo Regional Mathis Field,31.35770034790039,-100.49600219726562,1919,,United States,US,Texas,US-TX,TX,San Angelo,1,KSJT,SJT,SJT,,https://en.wikipedia.org/wiki/San_Angelo_Regional_Airport,,750,2008-06-13T14:30:04+00:00
256,3893,KSMX,medium_airport,Santa Maria Public Airport Captain G Allan Hancock Field,34.898899,-120.457001,261,,United States,US,California,US-CA,CA,Santa Maria,1,KSMX,SMX,SMX,,https://en.wikipedia.org/wiki/Santa_Maria_Public_Airport,,750,2021-10-15T21:34:41+00:00
257,3361,KACT,medium_airport,Waco Regional Airport,31.611299514770508,-97.23049926757812,516,,United States,US,Texas,US-TX,TX,Waco,1,KACT,ACT,ACT,,https://en.wikipedia.org/wiki/Waco_Regional_Airport,,750,2008-06-13T14:30:04+00:00
263,3476,KCYS,medium_airport,Cheyenne Regional Jerry Olson Field,41.155701,-104.811997,6159,,United States,US,Wyoming,US-WY,WY,Cheyenne,1,KCYS,CYS,CYS,,https://en.wikipedia.org/wiki/Cheyenne_Regional_Airport,,750,2023-06-09T13:38:03+00:00
264,3606,KIDA,medium_airport,Idaho Falls Regional Airport,43.514599,-112.070999,4744,,United States,US,Idaho,US-ID,ID,Idaho Falls,1,KIDA,IDA,IDA,,https://en.wikipedia.org/wiki/Idaho_Falls_Regional_Airport,Fanning Field,750,2017-08-04T10:23:34+00:00
265,3695,KMLI,medium_airport,Quad City International Airport,41.448502,-90.5075,590,,United States,US,Illinois,US-IL,IL,Moline,1,KMLI,MLI,MLI,,https://en.wikipedia.org/wiki/Quad_City_International_Airport,,750,2021-11-20T15:39:23+00:00
266,21300,KUNV,medium_airport,University Park Airport,40.849374,-77.84852,1239,,United States,US,Pennsylvania,US-PA,PA,State College,1,KUNV,SCE,UNV,http://universityparkairport.com/,https://en.wikipedia.org/wiki/University_Park_Airport,,500,2022-02-11T15:18:00+00:00
270,3527,KGPI,medium_airport,Glacier Park International Airport,48.31050109863281,-114.25599670410156,2977,,United States,US,Montana,US-MT,MT,Kalispell,1,KGPI,FCA,GPI,http://www.iflyglacier.com/,https://en.wikipedia.org/wiki/Glacier_Park_International_Airport,Formerly KFCA,750,2009-01-11T20:53:20+00:00
272,3357,KABI,medium_airport,Abilene Regional Airport,32.4113006592,-99.68190002440001,1791,,United States,US,Texas,US-TX,TX,Abilene,1,KABI,ABI,ABI,,https://en.wikipedia.org/wiki/Abilene_Regional_Airport,,500,2011-09-03T02:33:57+00:00
283,3845,KRFD,medium_airport,Chicago Rockford International Airport,42.1954,-89.097198,742,,United States,US,Illinois,US-IL,IL,Chicago/Rockford,1,KRFD,RFD,RFD,,https://en.wikipedia.org/wiki/Chicago/Rockford_International_Airport,,750,2021-11-20T15:46:22+00:00
284,3553,KGFK,medium_airport,Grand Forks International Airport,47.949299,-97.176102,845,,United States,US,North Dakota,US-ND,ND,Grand Forks,1,KGFK,GFK,GFK,http://www.gfkairport.com/,https://en.wikipedia.org/wiki/Grand_Forks_International_Airport,,750,2016-12-13T09:15:59+00:00
287,3841,KRDD,medium_airport,Redding Municipal Airport,40.50899887,-122.2929993,505,,United States,US,California,US-CA,CA,Redding,1,KRDD,RDD,RDD,,https://en.wikipedia.org/wiki/Redding_Municipal_Airport,,750,2010-01-23T11:28:05+00:00
290,20822,KPGD,medium_airport,Charlotte County Airport,26.9202,-81.990501,25,,United States,US,Florida,US-FL,FL,Punta Gorda,1,KPGD,PGD,PGD,http://www.flypgd.com/,https://en.wikipedia.org/wiki/Punta_Gorda_Airport_(Florida),Punta Gorda AAF,500,2023-11-03T08:24:08+00:00
297,3442,KCDC,medium_airport,Cedar City Regional Airport,37.70100021362305,-113.0989990234375,5622,,United States,US,Utah,US-UT,UT,Cedar City,1,KCDC,CDC,CDC,,https://en.wikipedia.org/wiki/Cedar_City_Regional_Airport,,750,2008-06-13T14:30:04+00:00
298,3603,KIAG,medium_airport,Niagara Falls International Airport,43.1073,-78.946198,589,,United States,US,New York,US-NY,NY,Niagara Falls,1,KIAG,IAG,IAG,,https://en.wikipedia.org/wiki/Niagara_Falls_International_Airport,,500,2021-05-29T06:35:00+00:00
305,3515,KERI,medium_airport,Erie International Tom Ridge Field,42.083127,-80.173867,732,,United States,US,Pennsylvania,US-PA,PA,Erie,1,KERI,ERI,ERI,,https://en.wikipedia.org/wiki/Erie_International_Airport,,750,2021-11-20T15:48:44+00:00
312,3525,KFAY,medium_airport,Fayetteville Regional Airport - Grannis Field,34.991199,-78.880302,189,,United States,US,North Carolina,US-NC,NC,Fayetteville,1,KFAY,FAY,FAY,,https://en.wikipedia.org/wiki/Fayetteville_Regional_Airport,,750,2021-02-26T17:02:58+00:00
313,3891,KSLN,medium_airport,Salina Municipal Airport,38.79100036621094,-97.6521987915039,1288,,United States,US,Kansas,US-KS,KS,Salina,1,KSLN,SLN,SLN,,https://en.wikipedia.org/wiki/Salina_Municipal_Airport,,750,2008-06-13T14:30:04+00:00
314,3897,KSPI,medium_airport,Abraham Lincoln Capital Airport,39.844101,-89.677902,598,,United States,US,Illinois,US-IL,IL,Springfield,1,KSPI,SPI,SPI,,https://en.wikipedia.org/wiki/Abraham_Lincoln_Capital_Airport,,750,2021-11-20T15:49:18+00:00
315,3872,KSCK,medium_airport,Stockton Metropolitan Airport,37.894199371338,-121.2379989624,33,,United States,US,California,US-CA,CA,Stockton,0,KSCK,SCK,SCK,http://www.sjgov.org/airport/,https://en.wikipedia.org/wiki/Stockton_Metropolitan_Airport,,400,2015-05-17T14:22:59+00:00
321,3426,KBRO,medium_airport,Brownsville South Padre Island International Airport,25.90679931640625,-97.4259033203125,22,,United States,US,Texas,US-TX,TX,Brownsville,1,KBRO,BRO,BRO,,https://en.wikipedia.org/wiki/Brownsville/South_Padre_Island_International_Airport,,750,2008-06-13T14:30:04+00:00
322,3464,KCOU,medium_airport,Columbia Regional Airport,38.8181,-92.219597,889,,United States,US,Missouri,US-MO,MO,Columbia,1,KCOU,COU,COU,,https://en.wikipedia.org/wiki/Columbia_Regional_Airport,,750,2019-08-14T08:20:26+00:00
323,3662,KLYH,medium_airport,Lynchburg Regional Airport - Preston Glenn Field,37.326698,-79.200401,938,,United States,US,Virginia,US-VA,VA,Lynchburg,1,KLYH,LYH,LYH,,https://en.wikipedia.org/wiki/Lynchburg_Regional_Airport,,750,2022-06-15T08:15:15+00:00
324,3756,KORH,medium_airport,Worcester Regional Airport,42.2673,-71.875702,1009,,United States,US,Massachusetts,US-MA,MA,Worcester,1,KORH,ORH,ORH,,https://en.wikipedia.org/wiki/Worcester-Metrowest-Boston_Airport,,750,2021-10-06T17:46:21+00:00
331,19654,KDRO,small_airport,Durango La Plata County Airport,37.151501,-107.753998,6685,,United States,US,Colorado,US-CO,CO,Durango,1,KDRO,DRO,DRO,http://www.durangogov.org/airport/index.cfm,https://en.wikipedia.org/wiki/Durango-La_Plata_County_Airport,,100,2023-04-11T01:15:10+00:00
336,3856,KROW,medium_airport,Roswell Air Center Airport,33.301601,-104.530998,3671,,United States,US,New Mexico,US-NM,NM,Roswell,1,KROW,ROW,ROW,,https://en.wikipedia.org/wiki/Roswell_International_Air_Center,"Roswell Army Air Field, Walker Air Force Base",750,2020-05-30T15:27:01+00:00
337,3937,KTYR,medium_airport,Tyler Pounds Regional Airport,32.35409927368164,-95.40239715576172,544,,United States,US,Texas,US-TX,TX,Tyler,1,KTYR,TYR,TYR,,https://en.wikipedia.org/wiki/Tyler_Pounds_Regional_Airport,,750,2008-06-13T14:30:04+00:00
344,3591,KHRL,medium_airport,Valley International Airport,26.228500366210938,-97.65440368652344,36,,United States,US,Texas,US-TX,TX,Harlingen,1,KHRL,HRL,HRL,,https://en.wikipedia.org/wiki/Valley_International_Airport,,750,2008-06-13T14:30:04+00:00
345,3702,KMOT,medium_airport,Minot International Airport,48.2593994140625,-101.27999877929688,1716,,United States,US,North Dakota,US-ND,ND,Minot,1,KMOT,MOT,MOT,,https://en.wikipedia.org/wiki/Minot_International_Airport,,750,2008-06-13T14:30:04+00:00
346,20870,KPSC,medium_airport,Tri Cities Airport,46.26470184326172,-119.11900329589844,410,,United States,US,Washington,US-WA,WA,Pasco,1,KPSC,PSC,PSC,,,,750,2008-06-13T14:30:04+00:00
348,20890,KPVU,medium_airport,Provo-Utah Lake International Airport,40.2192,-111.723,4497,,United States,US,Utah,US-UT,UT,Provo,1,KPVU,PVU,PVU,http://www.provo.org/city-services/airport,https://en.wikipedia.org/wiki/Provo_Municipal_Airport,,500,2021-07-31T17:04:52+00:00
353,3582,KHLN,medium_airport,Helena Regional Airport,46.6068,-111.983002,3877,,United States,US,Montana,US-MT,MT,Helena,1,KHLN,HLN,HLN,,https://en.wikipedia.org/wiki/Helena_Regional_Airport,,750,2021-12-15T15:57:52+00:00
354,3651,KLRD,medium_airport,Laredo International Airport,27.543800354003906,-99.46160125732422,508,,United States,US,Texas,US-TX,TX,Laredo,1,KLRD,LRD,LRD,,https://en.wikipedia.org/wiki/Laredo_International_Airport,,750,2008-06-13T14:30:04+00:00
355,3843,KRDM,medium_airport,Roberts Field,44.2541008,-121.1500015,3080,,United States,US,Oregon,US-OR,OR,Redmond,1,KRDM,RDM,RDM,,https://en.wikipedia.org/wiki/Roberts_Field,,750,2010-01-23T11:28:05+00:00
356,3664,KMBS,medium_airport,MBS International Airport,43.532902,-84.079597,668,,United States,US,Michigan,US-MI,MI,Saginaw,1,KMBS,MBS,MBS,http://www.mbsairport.org/,https://en.wikipedia.org/wiki/MBS_International_Airport,"Tri City Airport, Midland, Bay City",750,2021-11-20T15:51:33+00:00
368,3555,KGGG,medium_airport,East Texas Regional Airport,32.38399887084961,-94.71150207519531,365,,United States,US,Texas,US-TX,TX,Longview,1,KGGG,GGG,GGG,,https://en.wikipedia.org/wiki/East_Texas_Regional_Airport,,750,2008-06-13T14:30:04+00:00
369,46530,KECP,medium_airport,Northwest Florida Beaches International Airport,30.357106,-85.795414,69,,United States,US,Florida,US-FL,FL,Panama City Beach,1,KECP,ECP,ECP,http://iflybeaches.com,https://en.wikipedia.org/wiki/Northwest_Florida_Beaches_International_Airport,Northwest Florida Beaches International Airport,500,2022-03-14T11:31:42+00:00
379,3404,KBGM,medium_airport,Greater Binghamton/Edwin A Link field,42.20869827,-75.97979736,1636,,United States,US,New York,US-NY,NY,Binghamton,1,KBGM,BGM,BGM,http://binghamtonairport.com/,https://en.wikipedia.org/wiki/Greater_Binghamton_Airport,"Broome County Airport, Edwin A Link Field",750,2010-01-23T11:27:46+00:00
380,3634,KLBE,medium_airport,Arnold Palmer Regional Airport,40.275902,-79.4048,1199,,United States,US,Pennsylvania,US-PA,PA,Latrobe,1,KLBE,LBE,LBE,,https://en.wikipedia.org/wiki/Arnold_Palmer_Regional_Airport,,750,2022-01-19T07:57:00+00:00
381,3697,KMLU,medium_airport,Monroe Regional Airport,32.510899,-92.037697,79,,United States,US,Louisiana,US-LA,LA,Monroe,1,KMLU,MLU,MLU,,https://en.wikipedia.org/wiki/Monroe_Regional_Airport,,750,2022-03-17T18:25:42+00:00
390,3362,KACV,medium_airport,California Redwood Coast-Humboldt County Airport,40.978101,-124.109,221,,United States,US,California,US-CA,CA,Arcata/Eureka,1,KACV,ACV,ACV,,https://en.wikipedia.org/wiki/Arcata-Eureka_Airport,Arcata Airport,750,2021-11-21T11:19:58+00:00
392,3642,KLFT,medium_airport,Lafayette Regional Airport,30.205299,-91.987602,42,,United States,US,Louisiana,US-LA,LA,Lafayette,1,KLFT,LFT,LFT,http://www.lftairport.com/Home,https://en.wikipedia.org/wiki/Lafayette_Regional_Airport,,750,2021-11-20T15:05:56+00:00
393,3635,KLBF,medium_airport,North Platte Regional Airport Lee Bird Field,41.12620163,-100.6839981,2777,,United States,US,Nebraska,US-NE,NE,North Platte,1,KLBF,LBF,LBF,,https://en.wikipedia.org/wiki/North_Platte_Regional_Airport,,750,2010-01-23T11:27:55+00:00
394,3870,KSBY,medium_airport,Salisbury Ocean City Wicomico Regional Airport,38.34049987792969,-75.51029968261719,52,,United States,US,Maryland,US-MD,MD,Salisbury,1,KSBY,SBY,SBY,,https://en.wikipedia.org/wiki/Wicomico_Regional_Airport,,750,2008-06-13T14:30:04+00:00
395,3909,KSUX,medium_airport,Sioux Gateway Airport / Brigadier General Bud Day Field,42.397605,-96.382237,1098,,United States,US,Iowa,US-IA,IA,Sioux City,1,KSUX,SUX,SUX,https://www.sioux-city.org/government/departments-a-f/airport,https://en.wikipedia.org/wiki/Sioux_Gateway_Airport,"Col. Bud Day, Sioux City AB, Sioux City AAB",750,2021-11-20T15:52:32+00:00
407,3468,KCSG,medium_airport,Columbus Metropolitan Airport,32.516300201416016,-84.93890380859375,397,,United States,US,Georgia,US-GA,GA,Columbus,1,KCSG,CSG,CSG,,https://en.wikipedia.org/wiki/Columbus_Metropolitan_Airport,,750,2008-06-13T14:30:04+00:00
408,3508,KEKO,medium_airport,Elko Regional Airport,40.82490158081055,-115.79199981689453,5140,,United States,US,Nevada,US-NV,NV,Elko,1,KEKO,EKO,EKO,,https://en.wikipedia.org/wiki/Elko_Regional_Airport,,750,2008-06-13T14:30:04+00:00
409,3683,KMHK,medium_airport,Manhattan Regional Airport,39.14099884033203,-96.6707992553711,1057,,United States,US,Kansas,US-KS,KS,Manhattan,1,KMHK,MHK,MHK,,https://en.wikipedia.org/wiki/Manhattan_Regional_Airport,,750,2008-06-13T14:30:04+00:00
410,20565,KMTJ,medium_airport,Montrose Regional Airport,38.5098,-107.893997,5759,,United States,US,Colorado,US-CO,CO,Montrose,1,KMTJ,MTJ,MTJ,https://montroseairport.com/,https://en.wikipedia.org/wiki/Montrose_Regional_Airport,,500,2023-04-11T11:43:33+00:00
413,19529,KCNY,small_airport,Canyonlands Regional Airport,38.755001,-109.754997,4557,,United States,US,Utah,US-UT,UT,Moab,1,KCNY,CNY,CNY,https://www.grandcountyutah.net/263/Airport,https://en.wikipedia.org/wiki/Canyonlands_Field,,100,2023-04-12T12:55:45+00:00
420,3638,KLCK,medium_airport,Rickenbacker International Airport,39.813801,-82.927803,744,,United States,US,Ohio,US-OH,OH,Columbus,1,KLCK,LCK,LCK,http://rickenbackerinlandport.com/en/rickenbacker-international-airport/,https://en.wikipedia.org/wiki/Rickenbacker_International_Airport,Lockbourne Army Air Field,750,2021-08-08T06:03:39+00:00
422,3550,KGCK,medium_airport,Garden City Regional Airport,37.9275016785,-100.723999023,2891,,United States,US,Kansas,US-KS,KS,Garden City,1,KGCK,GCK,GCK,,https://en.wikipedia.org/wiki/Garden_City_Regional_Airport,,750,2016-01-22T15:07:05+00:00
423,3898,KSPS,medium_airport,Wichita Falls Municipal Airport / Sheppard Air Force Base,33.9888,-98.491898,1019,,United States,US,Texas,US-TX,TX,Wichita Falls,1,KSPS,SPS,SPS,http://www.flywichitafalls.net/,https://en.wikipedia.org/wiki/Wichita_Falls_Municipal_Airport,Sheppard Air Force Base,750,2023-12-29T02:57:54+00:00
436,19406,KBRD,medium_airport,Brainerd Lakes Regional Airport,46.402861,-94.129727,1232,,United States,US,Minnesota,US-MN,MN,Brainerd,1,KBRD,BRD,BRD,http://brainerdairport.com/,https://en.wikipedia.org/wiki/Brainerd_Lakes_Regional_Airport,Crow Wing County Airport,500,2022-02-11T17:20:40+00:00
437,20220,KJQF,medium_airport,Concord-Padgett Regional Airport,35.387798,-80.709099,705,,United States,US,North Carolina,US-NC,NC,Concord,1,KJQF,USA,JQF,http://www.concordnc.gov/Departments/Concord-Regional-Airport,https://en.wikipedia.org/wiki/Concord_Regional_Airport,"3N8, ""NASCAR's Airport""",500,2021-05-29T06:48:42+00:00
438,3865,KSAW,medium_airport,Marquette/Sawyer International Airport,46.3536,-87.395401,1221,,United States,US,Michigan,US-MI,MI,Gwinn,1,KSAW,MQT,SAW,http://www.sawyerairport.com/,https://en.wikipedia.org/wiki/Sawyer_International_Airport,,500,2023-07-13T22:39:48+00:00
453,3365,KAEX,medium_airport,Alexandria International Airport,31.3274,-92.549797,89,,United States,US,Louisiana,US-LA,LA,Alexandria,1,KAEX,AEX,AEX,,https://en.wikipedia.org/wiki/Alexandria_International_Airport_(Louisiana),"England Air Park, England Air Force Base",750,2021-03-01T15:20:13+00:00
477,5382,PAKT,medium_airport,Ketchikan International Airport,55.35559845,-131.7140045,89,,United States,US,Alaska,US-AK,AK,Ketchikan,1,PAKT,KTN,KTN,,https://en.wikipedia.org/wiki/Ketchikan_International_Airport,,750,2010-01-23T11:28:11+00:00
479,3674,KMEI,medium_airport,Key Field / Meridian Regional Airport,32.3326,-88.7519,297,,United States,US,Mississippi,US-MS,MS,Meridian,1,KMEI,MEI,MEI,,https://en.wikipedia.org/wiki/Meridian_Regional_Airport,,750,2021-02-26T15:32:30+00:00
480,3776,KPIH,medium_airport,Pocatello Regional Airport,42.9098014831543,-112.59600067138672,4452,,United States,US,Idaho,US-ID,ID,Pocatello,1,KPIH,PIH,PIH,,https://en.wikipedia.org/wiki/Pocatello_Regional_Airport,,750,2008-06-13T14:30:04+00:00
493,3564,KGRI,medium_airport,Central Nebraska Regional Airport,40.967498779296875,-98.30960083007812,1847,,United States,US,Nebraska,US-NE,NE,Grand Island,1,KGRI,GRI,GRI,,https://en.wikipedia.org/wiki/Central_Nebraska_Regional_Airport,,750,2008-06-13T14:30:04+00:00
495,3935,KTWF,medium_airport,Joslin Field Magic Valley Regional Airport,42.4818,-114.487999,4154,,United States,US,Idaho,US-ID,ID,Twin Falls,1,KTWF,TWF,TWF,,https://en.wikipedia.org/wiki/Magic_Valley_Regional_Airport,,750,2018-03-05T08:38:40+00:00
496,20883,KPUW,medium_airport,Pullman Moscow Regional Airport,46.7439,-117.110001,2556,,United States,US,Washington,US-WA,WA,Pullman/Moscow,1,KPUW,PUW,PUW,http://www.pullman-wa.gov/airport/,https://en.wikipedia.org/wiki/Pullman-Moscow_Regional_Airport,,500,2016-10-05T13:27:40+00:00
499,3912,KSWO,medium_airport,Stillwater Regional Airport,36.161201477051,-97.08570098877,1000,,United States,US,Oklahoma,US-OK,OK,Stillwater,0,KSWO,SWO,SWO,http://stillwater.org/government/city_facilities/stillwater_regional_airport/,https://en.wikipedia.org/wiki/Stillwater_Regional_Airport,,300,2015-08-09T16:07:45+00:00
500,3955,KWYS,medium_airport,Yellowstone Airport,44.68840027,-111.1179962,6649,,United States,US,Montana,US-MT,MT,West Yellowstone,0,KWYS,WYS,WYS,,https://en.wikipedia.org/wiki/Yellowstone_Airport,,300,2013-06-29T10:01:19+00:00
504,19571,KCWA,medium_airport,Central Wisconsin Airport,44.7775993347,-89.6668014526,1277,,United States,US,Wisconsin,US-WI,WI,Mosinee,0,KCWA,CWA,CWA,,,,250,2014-02-18T22:20:21+00:00
513,3595,KHTS,medium_airport,Tri-State Airport / Milton J. Ferguson Field,38.366699,-82.557999,828,,United States,US,West Virginia,US-WV,WV,Huntington,1,KHTS,HTS,HTS,,https://en.wikipedia.org/wiki/Tri-State_Airport,,750,2022-12-28T09:36:47+00:00
515,3759,KOTH,medium_airport,Southwest Oregon Regional Airport,43.41709899902344,-124.24600219726562,17,,United States,US,Oregon,US-OR,OR,North Bend,1,KOTH,OTH,OTH,,https://en.wikipedia.org/wiki/Southwest_Oregon_Regional_Airport,,750,2008-06-13T14:30:04+00:00
521,20038,KHDN,small_airport,Yampa Valley Airport,40.481201,-107.218002,6606,,United States,US,Colorado,US-CO,CO,Hayden,1,KHDN,HDN,HDN,,https://en.wikipedia.org/wiki/Yampa_Valley_Airport,,100,2023-04-11T00:04:29+00:00
543,3424,KBQK,medium_airport,Brunswick Golden Isles Airport,31.258800506591797,-81.46649932861328,26,,United States,US,Georgia,US-GA,GA,Brunswick,1,KBQK,BQK,BQK,,https://en.wikipedia.org/wiki/Brunswick_Golden_Isles_Airport,,750,2008-06-13T14:30:04+00:00
544,3489,KDHN,medium_airport,Dothan Regional Airport,31.321300506591797,-85.44960021972656,401,,United States,US,Alabama,US-AL,AL,Dothan,1,KDHN,DHN,DHN,,https://en.wikipedia.org/wiki/Dothan_Regional_Airport,,750,2008-06-13T14:30:04+00:00
545,3781,KPLN,medium_airport,Pellston Regional Airport of Emmet County Airport,45.57089996,-84.79669952,721,,United States,US,Michigan,US-MI,MI,Pellston,1,KPLN,PLN,PLN,,https://en.wikipedia.org/wiki/Pellston_Regional_Airport,,750,2010-01-23T11:28:03+00:00
546,3850,KRKS,medium_airport,Southwest Wyoming Regional Airport,41.5942,-109.065001,6764,,United States,US,Wyoming,US-WY,WY,Rock Springs,1,KRKS,RKS,RKS,,https://en.wikipedia.org/wiki/Rock_Springs_-_Sweetwater_County_Airport,Rock Springs Sweetwater County,750,2018-11-25T13:25:27+00:00
547,3936,KTXK,medium_airport,Texarkana Regional Airport (Webb Field),33.453701,-93.990997,390,,United States,US,Arkansas,US-AR,AR,Texarkana,1,KTXK,TXK,TXK,,https://en.wikipedia.org/wiki/Texarkana_Regional_Airport,,750,2022-10-23T15:57:10+00:00
548,3375,KALO,medium_airport,Waterloo Regional Airport,42.557098388671875,-92.40029907226562,873,,United States,US,Iowa,US-IA,IA,Waterloo,1,KALO,ALO,ALO,,https://en.wikipedia.org/wiki/Waterloo_Regional_Airport,,750,2008-06-13T14:30:04+00:00
562,3358,KABR,medium_airport,Aberdeen Regional Airport,45.449100494384766,-98.42179870605469,1302,,United States,US,South Dakota,US-SD,SD,Aberdeen,1,KABR,ABR,ABR,,https://en.wikipedia.org/wiki/Aberdeen_Regional_Airport,,750,2008-06-13T14:30:04+00:00
563,3423,KBPT,medium_airport,Jack Brooks Regional Airport,29.9508,-94.020699,15,,United States,US,Texas,US-TX,TX,Beaumont/Port Arthur,1,KBPT,BPT,BPT,https://flysetx.com/,https://en.wikipedia.org/wiki/Jack_Brooks_Regional_Airport,Southeast Texas Regional,750,2021-02-20T09:48:28+00:00
565,3532,KFLO,medium_airport,Florence Regional Airport,34.18539810180664,-79.7238998413086,146,,United States,US,South Carolina,US-SC,SC,Florence,1,KFLO,FLO,FLO,,https://en.wikipedia.org/wiki/Florence_Regional_Airport,,750,2008-06-13T14:30:04+00:00
566,3623,KJLN,medium_airport,Joplin Regional Airport,37.151798,-94.498299,981,,United States,US,Missouri,US-MO,MO,Joplin,1,KJLN,JLN,JLN,,https://en.wikipedia.org/wiki/Joplin_Regional_Airport,,750,2021-11-20T15:55:45+00:00
567,3761,KOWB,medium_airport,Owensboro Daviess County Airport,37.74010086,-87.16680145,407,,United States,US,Kentucky,US-KY,KY,Owensboro,1,KOWB,OWB,OWB,,https://en.wikipedia.org/wiki/Owensboro-Daviess_County_Regional_Airport,,750,2010-01-23T11:28:03+00:00
568,3903,KSTC,medium_airport,Saint Cloud Regional Airport,45.5466,-94.059898,1031,,United States,US,Minnesota,US-MN,MN,Saint Cloud,1,KSTC,STC,STC,,https://en.wikipedia.org/wiki/St._Cloud_Regional_Airport,,750,2020-10-13T00:44:13+00:00
570,20393,KLWS,medium_airport,Lewiston Nez Perce County Airport,46.3745002746582,-117.01499938964844,1442,,United States,US,Idaho,US-ID,ID,Lewiston,1,KLWS,LWS,LWS,,https://en.wikipedia.org/wiki/Lewiston-Nez_Perce_County_Airport,,500,2009-06-26T08:35:55+00:00
572,3577,KHGR,medium_airport,Hagerstown Regional Richard A Henson Field,39.707901,-77.72949982,703,,United States,US,Maryland,US-MD,MD,Hagerstown,0,KHGR,HGR,HGR,,https://en.wikipedia.org/wiki/Hagerstown_Regional_Airport,,375,2010-01-23T11:27:52+00:00
589,3637,KLCH,medium_airport,Lake Charles Regional Airport,30.126100540161133,-93.22329711914062,15,,United States,US,Louisiana,US-LA,LA,Lake Charles,1,KLCH,LCH,LCH,,https://en.wikipedia.org/wiki/Lake_Charles_Regional_Airport,,750,2008-06-13T14:30:04+00:00
590,3630,KLAR,medium_airport,Laramie Regional Airport,41.31209945678711,-105.67500305175781,7284,,United States,US,Wyoming,US-WY,WY,Laramie,1,KLAR,LAR,LAR,,https://en.wikipedia.org/wiki/Laramie_Regional_Airport,,750,2008-06-13T14:30:04+00:00
592,3383,KART,medium_airport,Watertown International Airport,43.991901,-76.021698,325,,United States,US,New York,US-NY,NY,Watertown,1,KART,ART,ART,,https://en.wikipedia.org/wiki/Watertown_International_Airport,,750,2022-11-08T16:46:24+00:00
595,20482,KMCW,medium_airport,Mason City Municipal Airport,43.157799,-93.331299,1213,,United States,US,Iowa,US-IA,IA,Clear Lake,0,KMCW,MCW,MCW,http://flymcw.com/,https://en.wikipedia.org/wiki/Mason_City_Municipal_Airport,,250,2023-11-28T17:34:14+00:00
616,3359,KABY,medium_airport,Southwest Georgia Regional Airport,31.532946,-84.196215,197,,United States,US,Georgia,US-GA,GA,Albany,1,KABY,ABY,ABY,,https://en.wikipedia.org/wiki/Southwest_Georgia_Regional_Airport,,750,2021-10-06T17:37:28+00:00
619,19929,KGCC,medium_airport,Northeast Wyoming Regional Airport,44.3489,-105.539001,4365,,United States,US,Wyoming,US-WY,WY,Gillette,1,KGCC,GCC,GCC,http://www.iflygillette.com/,https://en.wikipedia.org/wiki/Gillette%E2%80%93Campbell_County_Airport,Gillette Campbell County Airport,500,2022-02-10T15:52:33+00:00
620,21118,KSUN,medium_airport,Friedman Memorial Airport,43.50439835,-114.2959976,5318,,United States,US,Idaho,US-ID,ID,Hailey,1,KSUN,SUN,SUN,,https://en.wikipedia.org/wiki/Friedman_Memorial_Airport,,500,2012-05-10T17:56:16+00:00
650,3958,KYKM,medium_airport,Yakima Air Terminal McAllister Field,46.56819916,-120.5439987,1099,,United States,US,Washington,US-WA,WA,Yakima,1,KYKM,YKM,YKM,,https://en.wikipedia.org/wiki/Yakima_Air_Terminal,,750,2010-01-23T11:28:09+00:00
654,19377,KBIH,medium_airport,Eastern Sierra Regional Airport,37.3731002808,-118.363998413,4124,,United States,US,California,US-CA,CA,Bishop,0,KBIH,BIH,BIH,http://www.inyocounty.us/Airport/index.html,https://en.wikipedia.org/wiki/Eastern_Sierra_Regional_Airport,,250,2012-07-04T02:56:03+00:00
679,3520,KEWN,medium_airport,Coastal Carolina Regional Airport,35.0730018616,-77.04290008539999,18,,United States,US,North Carolina,US-NC,NC,New Bern,1,KEWN,EWN,EWN,,https://en.wikipedia.org/wiki/Craven_County_Regional_Airport,,750,2009-12-20T06:46:43+00:00
680,20808,KPBG,medium_airport,Plattsburgh International Airport,44.650901794433594,-73.46810150146484,234,,United States,US,New York,US-NY,NY,Plattsburgh,1,KPBG,PBG,PBG,http://www.plattsburghinternationalairport.com/,https://en.wikipedia.org/wiki/Plattsburgh_International_Airport,Plattsburgh Air Force Base,750,2008-06-13T14:30:04+00:00
681,3400,KBFF,medium_airport,Western Neb. Rgnl/William B. Heilig Airport,41.87400055,-103.5960007,3967,,United States,US,Nebraska,US-NE,NE,Scottsbluff,1,KBFF,BFF,BFF,,https://en.wikipedia.org/wiki/Western_Nebraska_Regional_Airport,William B. Heilig Field,750,2010-01-26T11:00:03+00:00
682,5408,PASI,medium_airport,Sitka Rocky Gutierrez Airport,57.04710006713867,-135.36199951171875,21,,United States,US,Alaska,US-AK,AK,Sitka,1,PASI,SIT,SIT,,https://en.wikipedia.org/wiki/Sitka_Rocky_Gutierrez_Airport,,750,2008-06-13T14:30:04+00:00
690,19655,KDRT,medium_airport,Del Rio International Airport,29.3742008209,-100.927001953,1002,,United States,US,Texas,US-TX,TX,Del Rio,0,KDRT,DRT,DRT,http://www.cityofdelrio.com/index.aspx?NID=412,https://en.wikipedia.org/wiki/Del_Rio_International_Airport,,250,2012-08-16T18:51:32+00:00
692,20109,KHYS,medium_airport,Hays Regional Airport,38.84220123,-99.27320099,1999,,United States,US,Kansas,US-KS,KS,Hays,0,KHYS,HYS,HYS,,https://en.wikipedia.org/wiki/Hays_Regional_Airport,,250,2013-01-12T16:57:47+00:00
727,3428,KBTM,medium_airport,Bert Mooney Airport,45.95479965209961,-112.49700164794922,5550,,United States,US,Montana,US-MT,MT,Butte,1,KBTM,BTM,BTM,,https://en.wikipedia.org/wiki/Bert_Mooney_Airport,,750,2008-06-13T14:30:04+00:00
731,3946,KVLD,medium_airport,Valdosta Regional Airport,30.782499313354492,-83.27670288085938,203,,United States,US,Georgia,US-GA,GA,Valdosta,1,KVLD,VLD,VLD,,https://en.wikipedia.org/wiki/Valdosta_Regional_Airport,,750,2008-06-13T14:30:04+00:00
733,19530,KCOD,medium_airport,Yellowstone Regional Airport,44.520199,-109.024002,5102,,United States,US,Wyoming,US-WY,WY,Cody,1,KCOD,COD,COD,http://www.flyyra.com/,https://en.wikipedia.org/wiki/Yellowstone_Regional_Airport,,500,2023-04-11T01:49:42+00:00
734,21318,KVEL,medium_airport,Vernal Regional Airport,40.440899,-109.510002,5278,,United States,US,Utah,US-UT,UT,Vernal,1,KVEL,VEL,VEL,,https://en.wikipedia.org/wiki/Vernal_Airport,,500,2022-12-15T06:48:28+00:00
744,20319,KLAW,medium_airport,Lawton Fort Sill Regional Airport,34.5676994324,-98.4166030884,1110,,United States,US,Oklahoma,US-OK,OK,Lawton,0,KLAW,LAW,LAW,,https://en.wikipedia.org/wiki/Lawton-Fort_Sill_Regional_Airport,,250,2014-02-18T22:56:57+00:00
764,19982,KGTR,medium_airport,Golden Triangle Regional Airport,33.450298309299995,-88.5914001465,264,,United States,US,Mississippi,US-MS,MS,Columbus/W Point/Starkville,1,KGTR,GTR,GTR,,,,750,2013-01-12T15:38:23+00:00
768,3636,KLBL,medium_airport,Liberal Mid-America Regional Airport,37.0442009,-100.9599991,2885,,United States,US,Kansas,US-KS,KS,Liberal,1,KLBL,LBL,LBL,,https://en.wikipedia.org/wiki/Liberal_Municipal_Airport,,750,2010-01-23T11:27:55+00:00
770,3881,KSHR,medium_airport,Sheridan County Airport,44.76919937133789,-106.9800033569336,4021,,United States,US,Wyoming,US-WY,WY,Sheridan,1,KSHR,SHR,SHR,,https://en.wikipedia.org/wiki/Sheridan_County_Airport,,750,2008-06-13T14:30:04+00:00
771,3945,KVCT,medium_airport,Victoria Regional Airport,28.85260009765625,-96.91850280761719,115,,United States,US,Texas,US-TX,TX,Victoria,1,KVCT,VCT,VCT,,https://en.wikipedia.org/wiki/Victoria_Regional_Airport,,750,2008-06-13T14:30:04+00:00
772,20071,KHOB,medium_airport,Lea County Regional Airport,32.6875,-103.217003,3661,,United States,US,New Mexico,US-NM,NM,Hobbs,1,KHOB,HOB,HOB,,https://en.wikipedia.org/wiki/Lea_County_Regional_Airport,,500,2023-04-11T02:05:08+00:00
773,20709,KOAJ,medium_airport,Albert J Ellis Airport,34.829201,-77.612099,94,,United States,US,North Carolina,US-NC,NC,Richlands,1,KOAJ,OAJ,OAJ,https://flyoaj.com/,https://en.wikipedia.org/wiki/Albert_J._Ellis_Airport,,500,2022-11-09T07:50:38+00:00
774,19717,KEAT,medium_airport,Pangborn Memorial Airport,47.398899,-120.207001,1249,,United States,US,Washington,US-WA,WA,Wenatchee,1,KEAT,EAT,EAT,http://www.pangbornairport.com/,https://en.wikipedia.org/wiki/Pangborn_Memorial_Airport,,500,2024-03-13T09:45:53+00:00
776,20824,KPGV,medium_airport,Pitt Greenville Airport,35.6352005,-77.38529968,26,,United States,US,North Carolina,US-NC,NC,Greenville,0,KPGV,PGV,PGV,,https://en.wikipedia.org/wiki/Pitt-Greenville_Airport,,250,2013-01-12T17:32:19+00:00
778,19984,KGUC,small_airport,Gunnison Crested Butte Regional Airport,38.536346,-106.928306,7680,,United States,US,Colorado,US-CO,CO,Gunnison,1,KGUC,GUC,GUC,,https://en.wikipedia.org/wiki/Gunnison-Crested_Butte_Regional_Airport,,100,2022-07-24T16:52:40+00:00
808,3485,KDEC,medium_airport,Decatur Airport,39.834598541259766,-88.8656997680664,682,,United States,US,Illinois,US-IL,IL,Decatur,1,KDEC,DEC,DEC,,https://en.wikipedia.org/wiki/Decatur_Airport,,750,2008-06-13T14:30:04+00:00
859,3453,KCKB,medium_airport,North Central West Virginia Airport,39.2966,-80.228104,1217,,United States,US,West Virginia,US-WV,WV,Bridgeport,1,KCKB,CKB,CKB,,https://en.wikipedia.org/wiki/Harrison/Marion_Regional_Airport,,750,2022-11-02T11:51:30+00:00
862,3624,KJMS,medium_airport,Jamestown Regional Airport,46.92969894,-98.67819977,1500,,United States,US,North Dakota,US-ND,ND,Jamestown,1,KJMS,JMS,JMS,,https://en.wikipedia.org/wiki/Jamestown_Regional_Airport,,750,2010-01-23T11:27:54+00:00
865,3787,KPQI,medium_airport,Presque Isle International Airport,46.688999,-68.0448,534,,United States,US,Maine,US-ME,ME,Presque Isle,1,KPQI,PQI,PQI,,https://en.wikipedia.org/wiki/Presque_Isle_International_Airport,Northern Maine Regional,750,2019-08-02T10:01:01+00:00
866,3376,KALW,medium_airport,Walla Walla Regional Airport,46.09489822,-118.288002,1194,,United States,US,Washington,US-WA,WA,Walla Walla,1,KALW,ALW,ALW,,https://en.wikipedia.org/wiki/Walla_Walla_Regional_Airport,,750,2010-01-23T11:27:46+00:00
872,19380,KBJI,medium_airport,Bemidji Regional Airport,47.50939941,-94.93370056,1391,,United States,US,Minnesota,US-MN,MN,Bemidji,0,KBJI,BJI,BJI,http://www.bemidjiairport.org/,https://en.wikipedia.org/wiki/Bemidji_Regional_Airport,,250,2014-02-18T22:29:14+00:00
929,3417,KBLV,medium_airport,Scott AFB/Midamerica Airport,38.5452,-89.835197,459,,United States,US,Illinois,US-IL,IL,Belleville,1,KBLV,BLV,BLV,,https://en.wikipedia.org/wiki/Scott_Air_Force_Base,Scott Air Force Base,750,2021-11-21T15:32:20+00:00
931,3460,KCMX,medium_airport,Houghton County Memorial Airport,47.168399810791016,-88.48909759521484,1095,,United States,US,Michigan,US-MI,MI,Hancock,1,KCMX,CMX,CMX,,https://en.wikipedia.org/wiki/Houghton_County_Memorial_Airport,,750,2008-06-13T14:30:04+00:00
932,3612,KINL,medium_airport,Falls International Airport,48.566200256347656,-93.4030990600586,1185,,United States,US,Minnesota,US-MN,MN,International Falls,1,KINL,INL,INL,,https://en.wikipedia.org/wiki/Falls_International_Airport,,750,2008-06-13T14:30:04+00:00
933,5393,PAOM,medium_airport,Nome Airport,64.51219940185547,-165.44500732421875,37,,United States,US,Alaska,US-AK,AK,Nome,1,PAOM,OME,OME,,https://en.wikipedia.org/wiki/Nome_Airport,,750,2008-06-13T14:30:04+00:00
941,19630,KDIK,medium_airport,Dickinson Theodore Roosevelt Regional Airport,46.7974014282,-102.802001953,2592,,United States,US,North Dakota,US-ND,ND,Dickinson,0,KDIK,DIK,DIK,http://dickinsonairport.com/,https://en.wikipedia.org/wiki/Dickinson_Theodore_Roosevelt_Regional_Airport,,250,2012-07-19T21:06:58+00:00
989,3382,KAPN,medium_airport,Alpena County Regional Airport,45.0780983,-83.56030273,690,,United States,US,Michigan,US-MI,MI,Alpena,1,KAPN,APN,APN,,https://en.wikipedia.org/wiki/Alpena_County_Regional_Airport,,750,2010-01-23T11:27:46+00:00
990,3484,KDDC,medium_airport,Dodge City Regional Airport,37.76340103149414,-99.9655990600586,2594,,United States,US,Kansas,US-KS,KS,Dodge City,1,KDDC,DDC,DDC,,https://en.wikipedia.org/wiki/Dodge_City_Regional_Airport,,750,2008-06-13T14:30:04+00:00
993,3565,KGRK,medium_airport,Killeen-Fort Hood Regional Airport / Robert Gray Army Air Field,31.0672,-97.828903,1015,,United States,US,Texas,US-TX,TX,Killeen,1,KGRK,GRK,GRK,,https://en.wikipedia.org/wiki/Killeen-Fort_Hood_Regional_Airport,Robert Gray Army Air Field,750,2021-04-15T15:40:35+00:00
1023,19770,KESC,small_airport,Delta County Airport,45.7226982117,-87.0936965942,609,,United States,US,Michigan,US-MI,MI,Escanaba,0,KESC,ESC,ESC,,https://en.wikipedia.org/wiki/Delta_County_Airport,,50,2014-02-18T22:31:36+00:00
1062,3579,KHIB,medium_airport,Range Regional Airport,47.3866,-92.838997,1354,,United States,US,Minnesota,US-MN,MN,Hibbing,1,KHIB,HIB,HIB,,https://en.wikipedia.org/wiki/Range_Regional_Airport,Chisholm Hibbing Airport,750,2021-11-20T16:01:49+00:00
1064,3452,KCIU,medium_airport,Chippewa County International Airport,46.25080108642578,-84.47239685058594,800,,United States,US,Michigan,US-MI,MI,Sault Ste Marie,1,KCIU,CIU,CIU,,https://en.wikipedia.org/wiki/Chippewa_County_International_Airport,,750,2008-06-13T14:30:04+00:00
1126,3625,KJST,medium_airport,John Murtha Johnstown Cambria County Airport,40.31610107421875,-78.83390045166016,2284,,United States,US,Pennsylvania,US-PA,PA,Johnstown,1,KJST,JST,JST,,https://en.wikipedia.org/wiki/Johnstown-Cambria_County_Airport,,750,2008-06-13T14:30:04+00:00
1127,3846,KRHI,medium_airport,Rhinelander Oneida County Airport,45.63119888305664,-89.46749877929688,1624,,United States,US,Wisconsin,US-WI,WI,Rhinelander,1,KRHI,RHI,RHI,,https://en.wikipedia.org/wiki/Rhinelander-Oneida_County_Airport,,750,2008-06-13T14:30:04+00:00
1128,5342,PABR,medium_airport,Wiley Post Will Rogers Memorial Airport,71.285402,-156.766008,44,,United States,US,Alaska,US-AK,AK,Utqiaġvik,1,PABR,BRW,BRW,,https://en.wikipedia.org/wiki/Wiley_Post-Will_Rogers_Memorial_Airport,Barrow,750,2016-12-03T12:42:48+00:00
1129,26343,PAYA,medium_airport,Yakutat Airport,59.508717,-139.660435,33,,United States,US,Alaska,US-AK,AK,Yakutat,1,PAYA,YAK,YAK,,https://en.wikipedia.org/wiki/Yakutat_Airport,,550,2021-01-14T15:19:31+00:00
1130,20933,KRIW,medium_airport,Central Wyoming Regional Airport,43.064201,-108.459999,5525,,United States,US,Wyoming,US-WY,WY,Riverton,1,KRIW,RIW,RIW,https://centralwyomingairport.com/,https://en.wikipedia.org/wiki/Central_Wyoming_Regional_Airport,,500,2023-04-05T21:26:30+00:00
1214,5338,PABE,medium_airport,Bethel Airport,60.77980042,-161.8379974,126,,United States,US,Alaska,US-AK,AK,Bethel,1,PABE,BET,BET,,https://en.wikipedia.org/wiki/Bethel_Airport,,750,2010-01-23T11:28:09+00:00
1215,5395,PAOT,medium_airport,Ralph Wien Memorial Airport,66.88469696,-162.598999,14,,United States,US,Alaska,US-AK,AK,Kotzebue,1,PAOT,OTZ,OTZ,,https://en.wikipedia.org/wiki/Ralph_Wien_Memorial_Airport,,750,2010-01-23T11:28:11+00:00
1217,3774,KPIB,medium_airport,Hattiesburg Laurel Regional Airport,31.4671,-89.337097,298,,United States,US,Mississippi,US-MS,MS,Moselle,1,KPIB,PIB,PIB,,https://en.wikipedia.org/wiki/Hattiesburg-Laurel_Regional_Airport,,750,2022-02-15T15:45:04+00:00
1315,3536,KFOD,medium_airport,Fort Dodge Regional Airport,42.55149841,-94.19259644,1156,,United States,US,Iowa,US-IA,IA,Fort Dodge,1,KFOD,FOD,FOD,,https://en.wikipedia.org/wiki/Fort_Dodge_Regional_Airport,,750,2010-01-23T11:27:50+00:00
1432,5405,PASC,medium_airport,Deadhorse Airport,70.19470215,-148.4649963,65,,United States,US,Alaska,US-AK,AK,Deadhorse,1,PASC,SCC,SCC,,https://en.wikipedia.org/wiki/Deadhorse_Airport,,750,2010-01-23T11:28:12+00:00
1433,5369,PAGS,medium_airport,Gustavus Airport,58.4253006,-135.7070007,35,,United States,US,Alaska,US-AK,AK,Gustavus,1,PAGS,GST,GST,,https://en.wikipedia.org/wiki/Gustavus_Airport,,750,2010-01-23T11:28:10+00:00
1434,5380,PAKN,medium_airport,King Salmon Airport,58.677845,-156.651965,73,,United States,US,Alaska,US-AK,AK,King Salmon,1,PAKN,AKN,AKN,,https://en.wikipedia.org/wiki/King_Salmon_Airport,Naknek Air Force Base,750,2021-03-25T11:32:59+00:00
1435,5353,PADQ,medium_airport,Kodiak Airport,57.75,-152.4940033,78,,United States,US,Alaska,US-AK,AK,Kodiak,1,PADQ,ADQ,ADQ,,https://en.wikipedia.org/wiki/Kodiak_Airport,,750,2010-01-23T11:28:10+00:00
1568,19668,KDVL,small_airport,Devils Lake Regional Airport,48.114201,-98.908798,1456,,United States,US,North Dakota,US-ND,ND,Devils Lake,1,KDVL,DVL,DVL,http://www.devilslakeairport.com/,https://en.wikipedia.org/wiki/Devils_Lake_Regional_Airport,,100,2023-04-11T02:03:30+00:00
1692,5398,PAPG,medium_airport,Petersburg James A Johnson Airport,56.80170059,-132.9450073,111,,United States,US,Alaska,US-AK,AK,Petersburg,1,PAPG,PSG,PSG,,https://en.wikipedia.org/wiki/Petersburg_James_A._Johnson_Airport,,750,2010-01-23T11:28:12+00:00
1714,20177,KIMT,small_airport,Ford Airport,45.818401,-88.114502,1182,,United States,US,Michigan,US-MI,MI,Iron Mountain / Kingsford,1,KIMT,IMT,IMT,http://www.fordairport.org/,https://en.wikipedia.org/wiki/Ford_Airport_(Iron_Mountain),,100,2023-04-28T08:06:10+00:00
2065,5351,PADL,medium_airport,Dillingham Airport,59.04470062,-158.5050049,81,,United States,US,Alaska,US-AK,AK,Dillingham,1,PADL,DLG,DLG,,https://en.wikipedia.org/wiki/Dillingham_Airport,,750,2010-01-23T11:28:10+00:00
2068,16092,PADK,medium_airport,Adak Airport,51.883564,-176.642783,18,,United States,US,Alaska,US-AK,AK,Adak,1,PADK,ADK,ADK,,https://en.wikipedia.org/wiki/Adak_Airport,,675,2021-07-23T15:30:05+00:00
2325,5348,PACV,medium_airport,Merle K (Mudhole) Smith Airport,60.491798,-145.477997,54,,United States,US,Alaska,US-AK,AK,Cordova,1,PACV,CDV,CDV,,https://en.wikipedia.org/wiki/Merle_K._(Mudhole)_Smith_Airport,Cordova Mile 13,750,2021-01-14T15:29:57+00:00
2650,5421,PAWG,medium_airport,Wrangell Airport,56.48429871,-132.3699951,49,,United States,US,Alaska,US-AK,AK,Wrangell,1,PAWG,WRG,WRG,,https://en.wikipedia.org/wiki/Wrangell_Airport,,750,2010-01-23T11:28:13+00:00
2656,324440,US-0571,medium_airport,Williston Basin International Airport,48.258387,-103.748797,2344,,United States,US,North Dakota,US-ND,ND,Williston,1,KXWA,XWA,XWA,http://www.xwaproject.com/,https://en.wikipedia.org/wiki/Williston_Basin_International_Airport,,500,2019-10-11T16:54:07+00:00
